Yazı görüntüsü,Yazı başlığı,Yayınlama tarihi,Yazı görüntülenmeleri,Tekil ziyaretçiler,Yorumlar,Beğeniler,wix_url,live_headline,live_published_date,wix_visible_author,wix_author_profile_url,resolution_status,match_method,notes,manual_search_query
https://manage.wix.com/analytics-ng/assets/svg/placeholder.svg,Cobra Kai Bitti mi? 7. Sezon Var mı?,18.02.2025,2.438,2.134,0,3,https://www.benizledim.com/post/cobra-kai-bitti-mi-7-sezon-var-mı,Cobra Kai Bitti mi? 7. Sezon Var mı?,2025-02-18T14:32:35.470Z,Alphan Karabat,https://www.benizledim.com/profile/alphankarabat/profile,resolved,exact_title,unique live title match,"site:benizledim.com/post ""Cobra Kai Bitti mi? 7. Sezon Var mı?"""
"https://static.wixstatic.com/media/2031bc_1a9d28fef89445e4ab4af8f4b008f331~mv2.jpg/v1/fill/w_50,h_50,al_c,q_80,usm_0.66_1.00_0.01/2031bc_1a9d28fef89445e4ab4af8f4b008f331~mv2.jpg",Loki 3. Sezon Gelecek Mi? Loki Bitti Mi?,11.11.2023,1.534,1.409,1,0,https://www.benizledim.com/post/loki-bitti-mi-3-sezon-gelecek-mi,Loki 3. Sezon Gelecek Mi? Loki Bitti Mi?,2023-11-11T11:32:29.153Z,Alphan Karabat,https://www.benizledim.com/profile/alphankarabat/profile,resolved,exact_title,unique live title match,"site:benizledim.com/post ""Loki 3. Sezon Gelecek Mi? Loki Bitti Mi?"""
"https://static.wixstatic.com/media/34960a_21698d834789478c819ebaf7d83d0f29~mv2.jpeg/v1/fill/w_50,h_50,al_c,q_80,usm_0.66_1.00_0.01/34960a_21698d834789478c819ebaf7d83d0f29~mv2.jpeg",Ateş Böceklerinin Mezarı,01.08.2023,1.270,1.091,0,1,https://www.benizledim.com/post/ateş-böceklerinin-mezarı,Ateş Böceklerinin Mezarı,2023-08-01T12:08:19.600Z,Hümeyra Fidan,https://www.benizledim.com/profile/humeyrafidan8/profile,resolved,exact_title,unique live title match,"site:benizledim.com/post ""Ateş Böceklerinin Mezarı"""
"https://static.wixstatic.com/media/842c16_309f7f2ad8814de0a85ca20e1c921317~mv2.jpg/v1/fill/w_50,h_50,al_c,q_80,usm_0.66_1.00_0.01/842c16_309f7f2ad8814de0a85ca20e1c921317~mv2.jpg",En İyi 10 Mitolojik Film & Gerçek Hikayeleri,23.09.2022,989,885,0,0,,,,,,missing_live_match,,,"site:benizledim.com/post ""En İyi 10 Mitolojik Film & Gerçek Hikayeleri"""
"https://static.wixstatic.com/media/e2372f_1534a5a0e55942efaea95a419f33e0ec~mv2.jpeg/v1/fill/w_50,h_50,al_c,q_80,usm_0.66_1.00_0.01/e2372f_1534a5a0e55942efaea95a419f33e0ec~mv2.jpeg",Ben O Değilim,11.10.2022,812,747,1,0,https://www.benizledim.com/post/ben-o-değilim,Ben O Değilim,2022-10-11T13:39:49.301Z,Gökçe Serim,https://www.benizledim.com/profile/serimgokce/profile,resolved,exact_title,unique live title match,"site:benizledim.com/post ""Ben O Değilim"""
"https://static.wixstatic.com/media/61dd5d_2d37178522a745eea39139f2ea733e5c~mv2.jpg/v1/fill/w_50,h_50,al_c,q_80,usm_0.66_1.00_0.01/61dd5d_2d37178522a745eea39139f2ea733e5c~mv2.jpg",İskandinav Sinemasının İncileri: Mutlaka İzlemeniz Gereken Filmler,05.03.2024,590,519,0,0,https://www.benizledim.com/post/i-skandinav-sinemasının-i-ncileri-mutlaka-i-zlemeniz-gereken-filmler,İskandinav Sinemasının İncileri: Mutlaka İzlemeniz Gereken Filmler,2024-03-05T06:55:36.908Z,Nedir,https://www.benizledim.com/profile/61a5a6b1-f155-4490-9f1b-26bf2b325514/profile,resolved,exact_title,unique live title match,"site:benizledim.com/post ""İskandinav Sinemasının İncileri: Mutlaka İzlemeniz Gereken Filmler"""
"https://static.wixstatic.com/media/61dd5d_1783979a9fe64fc8af47841913c4bd4a~mv2.png/v1/fill/w_50,h_50,al_c,q_80,usm_0.66_1.00_0.01/61dd5d_1783979a9fe64fc8af47841913c4bd4a~mv2.png",2025'in En İyi Filmleri: Yeni Vizyon Filmleri Süper Kahraman ve Aksiyon Bombası Yapımlar!,06.01.2025,542,452,0,0,,,,,,missing_live_match,,,"site:benizledim.com/post ""2025'in En İyi Filmleri: Yeni Vizyon Filmleri Süper Kahraman ve Aksiyon Bombası Yapımlar!"""
"https://static.wixstatic.com/media/857a1e_fa3b7157b20e4cf98ce71a55acd0ce63~mv2.png/v1/fill/w_50,h_50,al_c,q_80,usm_0.66_1.00_0.01/857a1e_fa3b7157b20e4cf98ce71a55acd0ce63~mv2.png",JAULA - 'Kafestekiler',20.11.2022,534,471,0,0,https://www.benizledim.com/post/jaula-kafesteki-ler,JAULA - 'Kafestekiler',2022-11-20T18:08:52.200Z,Emel Timorci,https://www.benizledim.com/profile/timorciemel/profile,resolved,exact_title,unique live title match,"site:benizledim.com/post ""JAULA - 'Kafestekiler'"""
"https://static.wixstatic.com/media/61dd5d_d437ba1fd82c466d8db65607543016ef~mv2.jpg/v1/fill/w_50,h_50,al_c,q_80,usm_0.66_1.00_0.01/61dd5d_d437ba1fd82c466d8db65607543016ef~mv2.jpg",Mayhem İzmir Lord of Chaos,22.08.2022,485,370,0,0,https://www.benizledim.com/post/mayhemizmirlordofchaos,"Mayhem, İzmir, Lord of Chaos",2022-08-22T11:56:00.342Z,Gurur Sönmez,https://www.benizledim.com/profile/gurursonmez/profile,resolved,normalized_title,unique live title match,"site:benizledim.com/post ""Mayhem İzmir Lord of Chaos"""
"https://static.wixstatic.com/media/61dd5d_8ca8c254f5d34b3c8bce0f6418ec3a08~mv2.png/v1/fill/w_50,h_50,al_c,q_80,usm_0.66_1.00_0.01/61dd5d_8ca8c254f5d34b3c8bce0f6418ec3a08~mv2.png",2025'in En İyi Aksiyon Filmleri: Black Bag Warfare ve Thunderbolts Zirvede!,21.05.2025,467,396,0,1,https://www.benizledim.com/post/2025-in-en-i̇yi-aksiyon-filmleri-black-bag-warfare-ve-thunderbolts-zirvede,"2025'in En İyi Aksiyon Filmleri: Black Bag, Warfare ve Thunderbolts Zirvede!",2025-05-21T07:37:14.006Z,Ben İzledim,https://www.benizledim.com/profile/benizledimblog/profile,resolved,normalized_title,unique live title match,"site:benizledim.com/post ""2025'in En İyi Aksiyon Filmleri: Black Bag Warfare ve Thunderbolts Zirvede!"""
"https://static.wixstatic.com/media/2031bc_4f9d4392f9e24b12bdf6cc898140751d~mv2.webp/v1/fill/w_50,h_50,al_c,q_80,usm_0.66_1.00_0.01/2031bc_4f9d4392f9e24b12bdf6cc898140751d~mv2.webp",Thunderbolts After Credits Var mı?,01.05.2025,435,380,0,2,https://www.benizledim.com/post/thunderbolts-after-credits-var-mı,Thunderbolts After Credits Var mı?,2025-05-01T09:45:41.407Z,Alphan Karabat,https://www.benizledim.com/profile/alphankarabat/profile,resolved,exact_title,unique live title match,"site:benizledim.com/post ""Thunderbolts After Credits Var mı?"""
"https://static.wixstatic.com/media/61dd5d_1f7b1712524c490f8bcc7280420eadef~mv2.webp/v1/fill/w_50,h_50,al_c,q_80,usm_0.66_1.00_0.01/61dd5d_1f7b1712524c490f8bcc7280420eadef~mv2.webp",2024 Yılının En İyi Filmleri (IMDB Puanlarına Göre Sıralı),15.12.2024,340,304,0,0,https://www.benizledim.com/post/2024-yılının-en-i-yi-filmleri-imdb-puanlarına-göre-sıralı,2024 Yılının En İyi Filmleri (IMDB Puanlarına Göre Sıralı),2024-12-15T18:32:15.290Z,Nedir,https://www.benizledim.com/profile/61a5a6b1-f155-4490-9f1b-26bf2b325514/profile,resolved,exact_title,unique live title match,"site:benizledim.com/post ""2024 Yılının En İyi Filmleri (IMDB Puanlarına Göre Sıralı)"""
"https://static.wixstatic.com/media/61dd5d_6e86b4b157ff48e3aba94c6dd55aae96~mv2.jpeg/v1/fill/w_50,h_50,al_c,q_80,usm_0.66_1.00_0.01/61dd5d_6e86b4b157ff48e3aba94c6dd55aae96~mv2.jpeg",En Gerçekçi Korku Deneyimi: Found Footage Tarzının Zirve Yaptığı Filmler Listesi,07.03.2024,277,219,0,1,https://www.benizledim.com/post/en-gerçekçi-korku-deneyimi-found-footage-tarzının-zirve-yaptığı-filmler-listesi,En Gerçekçi Korku Deneyimi: Found Footage Tarzının Zirve Yaptığı Filmler Listesi,2024-03-07T10:20:44.662Z,Melike Zeynep Korkmaz,https://www.benizledim.com/profile/melikezeynepkorkmaz/profile,resolved,exact_title,unique live title match,"site:benizledim.com/post ""En Gerçekçi Korku Deneyimi: Found Footage Tarzının Zirve Yaptığı Filmler Listesi"""
"https://static.wixstatic.com/media/2031bc_67a38ffcdd534828b6bc53e735fc784c~mv2.jpg/v1/fill/w_50,h_50,al_c,q_80,usm_0.66_1.00_0.01/2031bc_67a38ffcdd534828b6bc53e735fc784c~mv2.jpg",Rüya Satan Adam,16.11.2022,268,238,0,0,https://www.benizledim.com/post/ruya-satan-adam,Rüya Satan Adam,2022-11-15T23:06:05.186Z,Emel Timorci,https://www.benizledim.com/profile/timorciemel/profile,resolved,exact_title,unique live title match,"site:benizledim.com/post ""Rüya Satan Adam"""
"https://static.wixstatic.com/media/842c16_f4574af704ca4d9e870814cd934ed0a4~mv2.jpg/v1/fill/w_50,h_50,al_c,q_80,usm_0.66_1.00_0.01/842c16_f4574af704ca4d9e870814cd934ed0a4~mv2.jpg",UZAYLI İSTİLASI TEMALI FAVORİ 10 FİLM,02.09.2022,264,243,0,0,https://www.benizledim.com/post/uzayli-i-sti-lasi-temali-favori-10-fi-lmi-m,UZAYLI İSTİLASI TEMALI FAVORİ 10 FİLM,2022-09-01T23:02:08.138Z,Melike Zeynep Korkmaz,https://www.benizledim.com/profile/melikezeynepkorkmaz/profile,resolved,exact_title,unique live title match,"site:benizledim.com/post ""UZAYLI İSTİLASI TEMALI FAVORİ 10 FİLM"""
"https://static.wixstatic.com/media/2031bc_aaae6cf8d97c486faa33ffeb25fdeb9a~mv2.jpg/v1/fill/w_50,h_50,al_c,q_80,usm_0.66_1.00_0.01/2031bc_aaae6cf8d97c486faa33ffeb25fdeb9a~mv2.jpg",Fantastic 4 After Credits Var Mı?,19.07.2025,264,224,0,1,https://www.benizledim.com/post/fantastic-4-after-credits-var-mı,Fantastic 4 After Credits Var Mı?,2025-07-19T20:30:30.445Z,Alphan Karabat,https://www.benizledim.com/profile/alphankarabat/profile,resolved,exact_title,unique live title match,"site:benizledim.com/post ""Fantastic 4 After Credits Var Mı?"""
"https://static.wixstatic.com/media/2031bc_7d34f416c8484c34bcbb86bb59c10361~mv2.jpg/v1/fill/w_50,h_50,al_c,q_80,usm_0.66_1.00_0.01/2031bc_7d34f416c8484c34bcbb86bb59c10361~mv2.jpg",Galaksinin Koruyucuları 3 - Şarkıları Soundtracks,06.05.2023,262,167,0,0,https://www.benizledim.com/post/galaksinin-koruyucuları-3-şarkıları-soundtracks,"Galaksinin Koruyucuları 3 - Şarkıları, Soundtracks",2023-05-06T10:26:48.202Z,Alphan Karabat,https://www.benizledim.com/profile/alphankarabat/profile,resolved,normalized_title,unique live title match,"site:benizledim.com/post ""Galaksinin Koruyucuları 3 - Şarkıları Soundtracks"""
"https://static.wixstatic.com/media/af6835_c7b72b1c6aa54c508cc4057a59e985d4~mv2.png/v1/fill/w_50,h_50,al_c,q_80,usm_0.66_1.00_0.01/af6835_c7b72b1c6aa54c508cc4057a59e985d4~mv2.png",Victoria Dönemi ve Günümüze Etkileri,26.04.2023,173,155,0,0,https://www.benizledim.com/post/victoria-dönemi-ve-günümüze-etkileri,Victoria Dönemi ve Günümüze Etkileri,2023-04-26T00:07:09.058Z,Hüseyin Emre Sepetci,https://www.benizledim.com/profile/huseyinemresepetci/profile,resolved,exact_title,unique live title match,"site:benizledim.com/post ""Victoria Dönemi ve Günümüze Etkileri"""
"https://static.wixstatic.com/media/6d029e_72ab55c3b23f4ff1aea9d4ec845d4233~mv2.jpg/v1/fill/w_50,h_50,al_c,q_80,usm_0.66_1.00_0.01/6d029e_72ab55c3b23f4ff1aea9d4ec845d4233~mv2.jpg",Japon Sinemasında İzlemeniz Gereken 5 Film,27.09.2022,162,143,0,0,https://www.benizledim.com/post/japon-sinemasında-i-zlemeniz-gereken-5-film,Japon Sinemasında İzlemeniz Gereken 5 Film,2022-09-27T18:53:50.031Z,İris Eryılmaz,https://www.benizledim.com/profile/iriseryilmaz/profile,resolved,exact_title,unique live title match,"site:benizledim.com/post ""Japon Sinemasında İzlemeniz Gereken 5 Film"""
"https://static.wixstatic.com/media/2031bc_0a1d1662f8aa409bb6c0a263a32f85f8~mv2.png/v1/fill/w_50,h_50,al_c,q_80,usm_0.66_1.00_0.01/2031bc_0a1d1662f8aa409bb6c0a263a32f85f8~mv2.png",Görmeden İzlenen Film | The Guilty,29.09.2022,156,143,0,0,https://www.benizledim.com/post/the-guilty,Görmeden İzlenen Film | The Guilty,2022-09-29T12:05:19.774Z,Alphan Karabat,https://www.benizledim.com/profile/alphankarabat/profile,resolved,exact_title,unique live title match,"site:benizledim.com/post ""Görmeden İzlenen Film | The Guilty"""
"https://static.wixstatic.com/media/e2372f_15451f8541b34a7e847c762199b77191~mv2.jpg/v1/fill/w_50,h_50,al_c,q_80,usm_0.66_1.00_0.01/e2372f_15451f8541b34a7e847c762199b77191~mv2.jpg",Vücut,18.04.2023,155,145,0,0,https://www.benizledim.com/post/vücut,Vücut,2023-04-18T20:45:52.063Z,Gökçe Serim,https://www.benizledim.com/profile/serimgokce/profile,resolved,exact_title,unique live title match,"site:benizledim.com/post ""Vücut"""
"https://static.wixstatic.com/media/857a1e_c9fbc9dd3c9b4c6f83e1f6ac04d3e442~mv2.jpg/v1/fill/w_50,h_50,al_c,q_80,usm_0.66_1.00_0.01/857a1e_c9fbc9dd3c9b4c6f83e1f6ac04d3e442~mv2.jpg",“Nitram” Gerçek Bir Suç Filmi.,02.08.2023,137,116,0,1,https://www.benizledim.com/post/nitram,“Nitram” Gerçek Bir Suç Filmi.,2023-08-02T19:19:09.102Z,Emel Timorci,https://www.benizledim.com/profile/timorciemel/profile,resolved,exact_title,unique live title match,"site:benizledim.com/post ""“Nitram” Gerçek Bir Suç Filmi."""
"https://static.wixstatic.com/media/2031bc_b66b35f17ca64c0283befff3775cb7b4~mv2.jpg/v1/fill/w_50,h_50,al_c,q_80,usm_0.66_1.00_0.01/2031bc_b66b35f17ca64c0283befff3775cb7b4~mv2.jpg",Kaptan Amerika 4 After Credit Var Mı?,18.02.2025,126,118,0,3,https://www.benizledim.com/post/kaptan-amerika-4-after-credit-var-mı,Kaptan Amerika 4 After Credit Var Mı?,2025-02-18T14:22:50.913Z,Alphan Karabat,https://www.benizledim.com/profile/alphankarabat/profile,resolved,exact_title,unique live title match,"site:benizledim.com/post ""Kaptan Amerika 4 After Credit Var Mı?"""
"https://static.wixstatic.com/media/2031bc_c125cf5c99cd4be986956cbc803e2220~mv2.jpg/v1/fill/w_50,h_50,al_c,q_80,usm_0.66_1.00_0.01/2031bc_c125cf5c99cd4be986956cbc803e2220~mv2.jpg",Şeker Henry'nin İnanılmaz Dünyası,30.09.2023,124,105,0,0,https://www.benizledim.com/post/şeker-henry,Şeker Henry'nin İnanılmaz Dünyası,2023-09-30T14:12:51.943Z,Alphan Karabat,https://www.benizledim.com/profile/alphankarabat/profile,resolved,exact_title,unique live title match,"site:benizledim.com/post ""Şeker Henry'nin İnanılmaz Dünyası"""
"https://static.wixstatic.com/media/e2372f_3b18fe4017c04829ad882ad9beb0c2bb~mv2.jpeg/v1/fill/w_50,h_50,al_c,q_80,usm_0.66_1.00_0.01/e2372f_3b18fe4017c04829ad882ad9beb0c2bb~mv2.jpeg",Triangle of Sadness/Hüzün Üçgeni,05.08.2024,104,84,0,0,https://www.benizledim.com/post/triangle-of-sadness-hüzün-üçgeni,Triangle of Sadness/Hüzün Üçgeni,2024-08-05T09:14:02.271Z,Gökçe Serim,https://www.benizledim.com/profile/serimgokce/profile,resolved,exact_title,unique live title match,"site:benizledim.com/post ""Triangle of Sadness/Hüzün Üçgeni"""
"https://static.wixstatic.com/media/34960a_60be39cd51dd4b3c93c362502f063a64~mv2.jpeg/v1/fill/w_50,h_50,al_c,q_80,usm_0.66_1.00_0.01/34960a_60be39cd51dd4b3c93c362502f063a64~mv2.jpeg",Eternity And A Day: Söyle Bana Yarın Ne Kadar Sürecek?,20.09.2022,102,66,0,1,https://www.benizledim.com/post/eternity-and-a-day-söyle-bana-yarın-ne-kadar-sürecek,"Eternity And A Day: Söyle Bana, Yarın Ne Kadar Sürecek?",2022-09-19T23:33:20.375Z,Hümeyra Fidan,https://www.benizledim.com/profile/humeyrafidan8/profile,resolved,normalized_title,unique live title match,"site:benizledim.com/post ""Eternity And A Day: Söyle Bana Yarın Ne Kadar Sürecek?"""
"https://static.wixstatic.com/media/2031bc_67422fd356b645aba68780be05fe9db7~mv2.webp/v1/fill/w_50,h_50,al_c,q_80,usm_0.66_1.00_0.01/2031bc_67422fd356b645aba68780be05fe9db7~mv2.webp",Dune 3 Çıkacak mı? Ne zaman çıkacak?,03.03.2024,93,90,0,0,https://www.benizledim.com/post/dune-3-çıkacak-mı-ne-zaman-çıkacak,Dune 3 Çıkacak mı? Ne zaman çıkacak?,2024-03-03T10:48:52.346Z,Alphan Karabat,https://www.benizledim.com/profile/alphankarabat/profile,resolved,exact_title,unique live title match,"site:benizledim.com/post ""Dune 3 Çıkacak mı? Ne zaman çıkacak?"""
"https://static.wixstatic.com/media/61dd5d_ea69c59829cd404e94c6951399da1010~mv2.jpg/v1/fill/w_50,h_50,al_c,q_80,usm_0.66_1.00_0.01/61dd5d_ea69c59829cd404e94c6951399da1010~mv2.jpg",Gerçeğin Dansı (La danza de la realidad) - Alejandro Jodorowsky,19.09.2022,92,85,0,0,https://www.benizledim.com/post/gerçeğin-dansı-la-danza-de-la-realidad-alejandro-jodorowsky,Gerçeğin Dansı (La danza de la realidad) - Alejandro Jodorowsky,2022-09-19T09:58:46.185Z,Gurur Sönmez,https://www.benizledim.com/profile/gurursonmez/profile,resolved,exact_title,unique live title match,"site:benizledim.com/post ""Gerçeğin Dansı (La danza de la realidad) - Alejandro Jodorowsky"""
"https://static.wixstatic.com/media/2031bc_a2b8d88d90a341469b0f576be2717b75~mv2.jpg/v1/fill/w_50,h_50,al_c,q_80,usm_0.66_1.00_0.01/2031bc_a2b8d88d90a341469b0f576be2717b75~mv2.jpg",Vahşi Batıda Ölmenin Milyonlarca Yolu,14.10.2023,89,75,0,0,https://www.benizledim.com/post/vahşi-batıda-ölmenin-milyonlarca-yolu,Vahşi Batıda Ölmenin Milyonlarca Yolu,2023-10-14T16:50:57.789Z,Alphan Karabat,https://www.benizledim.com/profile/alphankarabat/profile,resolved,exact_title,unique live title match,"site:benizledim.com/post ""Vahşi Batıda Ölmenin Milyonlarca Yolu"""
"https://static.wixstatic.com/media/61dd5d_1f7e2a7055b54f4eb5c38d33ef855cc9~mv2.png/v1/fill/w_50,h_50,al_c,q_80,usm_0.66_1.00_0.01/61dd5d_1f7e2a7055b54f4eb5c38d33ef855cc9~mv2.png",The Young Pope,10.09.2022,88,80,0,0,https://www.benizledim.com/post/the-young-pope,The Young Pope,2022-09-10T11:18:13.181Z,Gurur Sönmez,https://www.benizledim.com/profile/gurursonmez/profile,resolved,exact_title,unique live title match,"site:benizledim.com/post ""The Young Pope"""
"https://static.wixstatic.com/media/2031bc_582c3f73fcb840b2b13f17188e9a8746~mv2.jpg/v1/fill/w_50,h_50,al_c,q_80,usm_0.66_1.00_0.01/2031bc_582c3f73fcb840b2b13f17188e9a8746~mv2.jpg",Sherlock Holmes 3 Ne Zaman Çıkacak?,03.12.2023,84,81,0,0,https://www.benizledim.com/post/sherlock-holmes-3-ne-zaman-çıkacak,Sherlock Holmes 3 Ne Zaman Çıkacak?,2023-12-03T19:55:44.438Z,Alphan Karabat,https://www.benizledim.com/profile/alphankarabat/profile,resolved,exact_title,unique live title match,"site:benizledim.com/post ""Sherlock Holmes 3 Ne Zaman Çıkacak?"""
"https://static.wixstatic.com/media/e2372f_81dbe1aec5434f91aec047f51afc9143~mv2.jpeg/v1/fill/w_50,h_50,al_c,q_80,usm_0.66_1.00_0.01/e2372f_81dbe1aec5434f91aec047f51afc9143~mv2.jpeg",Oslo Üçlemesi: Reprise,01.09.2022,82,73,0,0,https://www.benizledim.com/post/oslo-üçlemesi-reprise,Oslo Üçlemesi: Reprise,2022-09-01T17:37:42.022Z,Gökçe Serim,https://www.benizledim.com/profile/serimgokce/profile,resolved,exact_title,unique live title match,"site:benizledim.com/post ""Oslo Üçlemesi: Reprise"""
https://manage.wix.com/analytics-ng/assets/svg/placeholder.svg,Hikâyenin Peşinde: Tuna Yüksel ile Yazarlık Dil ve Sinema Üzerine,30.10.2025,79,33,0,0,https://www.benizledim.com/post/hikâyenin-peşinde-tuna-yüksel-ile-yazarlık-dil-ve-sinema-üzerine,"Hikâyenin Peşinde: Tuna Yüksel ile Yazarlık, Dil ve Sinema Üzerine",2025-10-30T07:54:22.483Z,İris Eryılmaz,https://www.benizledim.com/profile/iriseryilmaz/profile,resolved,normalized_title,unique live title match,"site:benizledim.com/post ""Hikâyenin Peşinde: Tuna Yüksel ile Yazarlık Dil ve Sinema Üzerine"""
"https://static.wixstatic.com/media/61dd5d_f494100755204a2a945be47e0a728f68~mv2.png/v1/fill/w_50,h_50,al_c,q_80,usm_0.66_1.00_0.01/61dd5d_f494100755204a2a945be47e0a728f68~mv2.png",Dexter: Resurrection: Efsanevi Seri Geri Dönüyor!,02.05.2025,78,66,0,1,https://www.benizledim.com/post/dexterresurrection-dexteryenisezon,Dexter: Resurrection: Efsanevi Seri Geri Dönüyor!,2025-05-02T05:54:38.247Z,Ben İzledim,https://www.benizledim.com/profile/benizledimblog/profile,resolved,exact_title,unique live title match,"site:benizledim.com/post ""Dexter: Resurrection: Efsanevi Seri Geri Dönüyor!"""
"https://static.wixstatic.com/media/b9f634_039dc2a9d6c047d5b2b698f51de23283~mv2.jpeg/v1/fill/w_50,h_50,al_c,q_80,usm_0.66_1.00_0.01/b9f634_039dc2a9d6c047d5b2b698f51de23283~mv2.jpeg",81. Venedik Film Festivali'nden Gecenin Kıyısı,07.09.2024,77,74,0,2,,,,,,missing_live_match,,,"site:benizledim.com/post ""81. Venedik Film Festivali'nden Gecenin Kıyısı"""
"https://static.wixstatic.com/media/61dd5d_c6467bb081d84da9b935318b253fdcc3~mv2.png/v1/fill/w_50,h_50,al_c,q_80,usm_0.66_1.00_0.01/61dd5d_c6467bb081d84da9b935318b253fdcc3~mv2.png",The Exorcist: Hayat değiştiren film.,17.08.2022,73,61,0,0,https://www.benizledim.com/post/exorcist-hayat-değiştiren-film,The Exorcist: Hayat değiştiren film.,2022-08-17T06:45:34.453Z,Gurur Sönmez,https://www.benizledim.com/profile/gurursonmez/profile,resolved,exact_title,unique live title match,"site:benizledim.com/post ""The Exorcist: Hayat değiştiren film."""
"https://static.wixstatic.com/media/e2372f_96995fdd9acf4dba91b4232e1223b1da~mv2.jpeg/v1/fill/w_50,h_50,al_c,q_80,usm_0.66_1.00_0.01/e2372f_96995fdd9acf4dba91b4232e1223b1da~mv2.jpeg",Io Capitano/Kaptan Benim,27.02.2024,70,63,0,0,https://www.benizledim.com/post/io-capitano-kaptan-benim,Io Capitano/Kaptan Benim,2024-02-27T19:46:40.881Z,Gökçe Serim,https://www.benizledim.com/profile/serimgokce/profile,resolved,exact_title,unique live title match,"site:benizledim.com/post ""Io Capitano/Kaptan Benim"""
"https://static.wixstatic.com/media/2f11da_5009c286897642e389f91e036c44c9a8~mv2.jpg/v1/fill/w_50,h_50,al_c,q_80,usm_0.66_1.00_0.01/2f11da_5009c286897642e389f91e036c44c9a8~mv2.jpg",Pearl (2022) - Dirençli Kadın Ruhunun Çürüttüğü Kurtlu Bedenler,09.06.2023,66,52,0,0,https://www.benizledim.com/post/di-rençli-kadin-ruhunun-çürüttüğü-kurtlanmiş-bedenler-pearl-2022,Pearl (2022) - Dirençli Kadın Ruhunun Çürüttüğü Kurtlu Bedenler,2023-06-09T07:56:07.081Z,Muhammed Muğlu,https://www.benizledim.com/profile/muhammedmuglu/profile,resolved,exact_title,unique live title match,"site:benizledim.com/post ""Pearl (2022) - Dirençli Kadın Ruhunun Çürüttüğü Kurtlu Bedenler"""
"https://static.wixstatic.com/media/2031bc_31a057a59662440dac9f04e6359b6c6f~mv2.jpg/v1/fill/w_50,h_50,al_c,q_80,usm_0.66_1.00_0.01/2031bc_31a057a59662440dac9f04e6359b6c6f~mv2.jpg",Türk Animasyon Dizisi: Kozmos Dedektifleri,04.10.2024,65,47,0,1,https://www.benizledim.com/post/türk-animasyon-dizisi-kozmos-dedektifleri,Türk Animasyon Dizisi: Kozmos Dedektifleri,2024-10-04T07:39:19.937Z,Alphan Karabat,https://www.benizledim.com/profile/alphankarabat/profile,resolved,exact_title,unique live title match,"site:benizledim.com/post ""Türk Animasyon Dizisi: Kozmos Dedektifleri"""
"https://static.wixstatic.com/media/2031bc_9c8553f743994362884841c381d87e4e~mv2.jpg/v1/fill/w_50,h_50,al_c,q_80,usm_0.66_1.00_0.01/2031bc_9c8553f743994362884841c381d87e4e~mv2.jpg",Aşk Robot: Wall-E,28.08.2022,63,54,0,0,https://www.benizledim.com/post/ask-robot-wall-e,Aşk Robot: Wall-E,2022-08-28T09:05:40.068Z,Alphan Karabat,https://www.benizledim.com/profile/alphankarabat/profile,resolved,exact_title,unique live title match,"site:benizledim.com/post ""Aşk Robot: Wall-E"""
"https://static.wixstatic.com/media/61dd5d_cff5378f49bd4c4d97300a47437c1127~mv2.jpeg/v1/fill/w_50,h_50,al_c,q_80,usm_0.66_1.00_0.01/61dd5d_cff5378f49bd4c4d97300a47437c1127~mv2.jpeg",Duvara Karşı Gegen die Wand (2004),29.08.2022,57,54,0,0,https://www.benizledim.com/post/duvara-karşı-gegen-die-wand,"Duvara Karşı, Gegen die Wand, (2004)",2022-08-29T10:50:50.782Z,Gurur Sönmez,https://www.benizledim.com/profile/gurursonmez/profile,resolved,normalized_title,unique live title match,"site:benizledim.com/post ""Duvara Karşı Gegen die Wand (2004)"""
https://manage.wix.com/analytics-ng/assets/svg/placeholder.svg,Köln 75: Uçurumun Kenarındaki Bir Adam ve Kırık Bir Piyano Tarihin En Çok Satan Solo Caz Albümünü Nasıl Yarattı?,03.09.2025,56,27,0,1,,,,,,missing_live_match,,,"site:benizledim.com/post ""Köln 75: Uçurumun Kenarındaki Bir Adam ve Kırık Bir Piyano Tarihin En Çok Satan Solo Caz Albümünü Nasıl Yarattı?"""
"https://static.wixstatic.com/media/61dd5d_3e62b915333b4e1daed13f0bcc73411e~mv2.webp/v1/fill/w_50,h_50,al_c,q_80,usm_0.66_1.00_0.01/61dd5d_3e62b915333b4e1daed13f0bcc73411e~mv2.webp",Çıkışlar Hediyelik Eşya Dükkanından (Exit Through The Gift Shop) ve Banksy,23.10.2022,56,50,0,0,https://www.benizledim.com/post/banksy,Çıkışlar Hediyelik Eşya Dükkanından (Exit Through The Gift Shop) ve Banksy,2022-10-23T06:45:53.817Z,Gurur Sönmez,https://www.benizledim.com/profile/gurursonmez/profile,resolved,exact_title,unique live title match,"site:benizledim.com/post ""Çıkışlar Hediyelik Eşya Dükkanından (Exit Through The Gift Shop) ve Banksy"""
"https://static.wixstatic.com/media/2031bc_5f2e33acb5d149df8ae87981801ea01a~mv2.png/v1/fill/w_50,h_50,al_c,q_80,usm_0.66_1.00_0.01/2031bc_5f2e33acb5d149df8ae87981801ea01a~mv2.png",Madame Web Kimdir? - Örümcek Adam'ın Müttefiği,08.02.2024,54,49,0,0,https://www.benizledim.com/post/madame-web-kimdir-örümcek-adam-ın-müttefiği,Madame Web Kimdir? - Örümcek Adam'ın Müttefiği,2024-02-08T14:27:21.516Z,Alphan Karabat,https://www.benizledim.com/profile/alphankarabat/profile,resolved,exact_title,unique live title match,"site:benizledim.com/post ""Madame Web Kimdir? - Örümcek Adam'ın Müttefiği"""
"https://static.wixstatic.com/media/4c3f56_e6e7860074264cc49728d5bf8d338277~mv2.jpg/v1/fill/w_50,h_50,al_c,q_80,usm_0.66_1.00_0.01/4c3f56_e6e7860074264cc49728d5bf8d338277~mv2.jpg",A Complete Unknown Adını Hak Ediyor! (İnceleme),28.02.2025,53,28,0,1,https://www.benizledim.com/post/a-complete-unknown-adını-hak-ediyor-i-nceleme,A Complete Unknown Adını Hak Ediyor! (İnceleme),2025-02-28T18:43:38.801Z,Su Evci,https://www.benizledim.com/profile/nsuevci/profile,resolved,exact_title,unique live title match,"site:benizledim.com/post ""A Complete Unknown Adını Hak Ediyor! (İnceleme)"""
"https://static.wixstatic.com/media/61dd5d_5b0ab939a1184eadacec1100750008c1~mv2.jpg/v1/fill/w_50,h_50,al_c,q_80,usm_0.66_1.00_0.01/61dd5d_5b0ab939a1184eadacec1100750008c1~mv2.jpg",Film gibi dizi gibi bir belgesel: The Last Dance / Michael Jordan,30.08.2022,53,50,0,0,https://www.benizledim.com/post/film-gibi-dizi-gibi-bir-belgesel-the-last-dance-michael-jordan,"Film gibi, dizi gibi bir belgesel: The Last Dance / Michael Jordan",2022-08-30T13:51:19.738Z,Gurur Sönmez,https://www.benizledim.com/profile/gurursonmez/profile,resolved,normalized_title,unique live title match,"site:benizledim.com/post ""Film gibi dizi gibi bir belgesel: The Last Dance / Michael Jordan"""
https://manage.wix.com/analytics-ng/assets/svg/placeholder.svg,Fantastik Dörtlü: İlk Adımlar İncelemesi - Marvel Geri Mi Döndü?,31.07.2025,52,35,0,0,https://www.benizledim.com/post/fantastik-dörtlü-i-lk-adımlar-i-ncelemesi-marvel-geri-mi-döndü,Fantastik Dörtlü: İlk Adımlar İncelemesi - Marvel Geri Mi Döndü?,2025-07-31T14:07:54.745Z,Su Evci,https://www.benizledim.com/profile/nsuevci/profile,resolved,exact_title,unique live title match,"site:benizledim.com/post ""Fantastik Dörtlü: İlk Adımlar İncelemesi - Marvel Geri Mi Döndü?"""
"https://static.wixstatic.com/media/af6835_3da0453125154031beceacbf5cf63332~mv2.jpg/v1/fill/w_50,h_50,al_c,q_80,usm_0.66_1.00_0.01/af6835_3da0453125154031beceacbf5cf63332~mv2.jpg",Interstellar ismi neden bu yazıyı okumanız için yeterli bir sebep?,26.08.2024,52,39,0,0,https://www.benizledim.com/post/interstellar-ismi-neden-bu-yazıyı-okumanız-için-yeterli-bir-sebep,Interstellar ismi neden bu yazıyı okumanız için yeterli bir sebep?,2024-08-26T18:50:52.089Z,Hüseyin Emre Sepetci,https://www.benizledim.com/profile/huseyinemresepetci/profile,resolved,exact_title,unique live title match,"site:benizledim.com/post ""Interstellar ismi neden bu yazıyı okumanız için yeterli bir sebep?"""
"https://static.wixstatic.com/media/2031bc_66ab914aa5ac4bb1a19eb38c62d35887~mv2.jpg/v1/fill/w_50,h_50,al_c,q_80,usm_0.66_1.00_0.01/2031bc_66ab914aa5ac4bb1a19eb38c62d35887~mv2.jpg",What If 2. Sezon Neden Türkiye’de Yok? Disney Plus,31.12.2023,48,45,0,0,https://www.benizledim.com/post/what-if-neden-tüekiye-de-yok-marvel-dizisi,What If 2. Sezon Neden Türkiye’de Yok? Disney Plus,2023-12-31T09:24:11.278Z,Alphan Karabat,https://www.benizledim.com/profile/alphankarabat/profile,resolved,exact_title,unique live title match,"site:benizledim.com/post ""What If 2. Sezon Neden Türkiye’de Yok? Disney Plus"""
"https://static.wixstatic.com/media/6d029e_f3eca6ddaca34ee38cd3d9c376d3ad89~mv2.jpg/v1/fill/w_50,h_50,al_c,q_80,usm_0.66_1.00_0.01/6d029e_f3eca6ddaca34ee38cd3d9c376d3ad89~mv2.jpg",Love Exposure Sion Sono'nun Başyapıtı,03.09.2022,48,43,0,0,https://www.benizledim.com/post/love-exposure-sion-sono-nun-başyapıtı,Love Exposure Sion Sono'nun Başyapıtı,2022-09-03T10:23:46.878Z,İris Eryılmaz,https://www.benizledim.com/profile/iriseryilmaz/profile,resolved,exact_title,unique live title match,"site:benizledim.com/post ""Love Exposure Sion Sono'nun Başyapıtı"""
"https://static.wixstatic.com/media/2031bc_c43573561cde4bf1a79d2fe6c80619b9~mv2.webp/v1/fill/w_50,h_50,al_c,q_80,usm_0.66_1.00_0.01/2031bc_c43573561cde4bf1a79d2fe6c80619b9~mv2.webp",Megan Movie and Artificial Intelligence,18.02.2024,48,44,0,0,,,,,,missing_live_match,,,"site:benizledim.com/post ""Megan Movie and Artificial Intelligence"""
"https://static.wixstatic.com/media/2031bc_c43573561cde4bf1a79d2fe6c80619b9~mv2.webp/v1/fill/w_50,h_50,al_c,q_80,usm_0.66_1.00_0.01/2031bc_c43573561cde4bf1a79d2fe6c80619b9~mv2.webp",Megan Filmi ve Yapay Zeka Üzerine,18.02.2024,47,44,0,0,https://www.benizledim.com/post/megan-filmi-ve-yapay-zeka-üzerine,Megan Filmi ve Yapay Zeka Üzerine,2024-02-18T20:33:14.492Z,Alphan Karabat,https://www.benizledim.com/profile/alphankarabat/profile,resolved,exact_title,unique live title match,"site:benizledim.com/post ""Megan Filmi ve Yapay Zeka Üzerine"""
"https://static.wixstatic.com/media/3b0500_bb12e8cdc8b24a9b9bf0dd433f48609f~mv2.jpg/v1/fill/w_50,h_50,al_c,q_80,usm_0.66_1.00_0.01/3b0500_bb12e8cdc8b24a9b9bf0dd433f48609f~mv2.jpg",Bize Çıkan Yollar: DASH & LILY,26.11.2022,45,45,0,0,,,,,,missing_live_match,,,"site:benizledim.com/post ""Bize Çıkan Yollar: DASH & LILY"""
https://manage.wix.com/analytics-ng/assets/svg/placeholder.svg,Gürültüsüz bir Çığlık; ‘Glasgow’un Çocuklarını Dinlemek’,04.12.2025,45,16,0,0,https://www.benizledim.com/post/gürültüsüz-bir-çığlık-glasgow-un-çocuklarını-dinlemek,Gürültüsüz bir Çığlık; ‘Glasgow’un Çocuklarını Dinlemek’,2025-12-04T19:06:17.306Z,Muhammed Muğlu,https://www.benizledim.com/profile/muhammedmuglu/profile,resolved,exact_title,unique live title match,"site:benizledim.com/post ""Gürültüsüz bir Çığlık; ‘Glasgow’un Çocuklarını Dinlemek’"""
"https://static.wixstatic.com/media/30d4f8_a40ac299375242d38af49be3b5e63292~mv2.jpg/v1/fill/w_50,h_50,al_c,q_80,usm_0.66_1.00_0.01/30d4f8_a40ac299375242d38af49be3b5e63292~mv2.jpg",Men (Adamlar),16.10.2022,44,39,0,0,https://www.benizledim.com/post/men-adamlar,Men (Adamlar),2022-10-16T09:55:45.224Z,Emel Uzun,https://www.benizledim.com/profile/emeluzun7/profile,resolved,exact_title,unique live title match,"site:benizledim.com/post ""Men (Adamlar)"""
"https://static.wixstatic.com/media/2031bc_bf6fdad952e548dbb6a89f93ec1ee3f3~mv2.jpg/v1/fill/w_50,h_50,al_c,q_80,usm_0.66_1.00_0.01/2031bc_bf6fdad952e548dbb6a89f93ec1ee3f3~mv2.jpg",Köpek Adası - Politik Köpek Filmi,01.02.2023,42,35,0,0,https://www.benizledim.com/post/isle_of_dogs,Köpek Adası - Politik Köpek Filmi,2023-01-31T21:00:00.000Z,Alphan Karabat,https://www.benizledim.com/profile/alphankarabat/profile,resolved,exact_title,unique live title match,"site:benizledim.com/post ""Köpek Adası - Politik Köpek Filmi"""
"https://static.wixstatic.com/media/e2372f_f56d608154554cac96478592cd0580cd~mv2.jpeg/v1/fill/w_50,h_50,al_c,q_80,usm_0.66_1.00_0.01/e2372f_f56d608154554cac96478592cd0580cd~mv2.jpeg",Oslo Üçlemesi: Oslo August 31st,06.09.2022,42,37,0,0,https://www.benizledim.com/post/oslo-üçlemesi-oslo-august-31st,"Oslo Üçlemesi: Oslo, August 31st",2022-09-06T16:28:46.628Z,Gökçe Serim,https://www.benizledim.com/profile/serimgokce/profile,resolved,normalized_title,unique live title match,"site:benizledim.com/post ""Oslo Üçlemesi: Oslo August 31st"""
"https://static.wixstatic.com/media/2031bc_9987bd0d91dc421ca46fe8df082254e5~mv2.jpg/v1/fill/w_50,h_50,al_c,q_80,usm_0.66_1.00_0.01/2031bc_9987bd0d91dc421ca46fe8df082254e5~mv2.jpg",Rear Window (Alfred Hitchcock)| Bir Kadın Ne Kadar Güçlüdür?,24.09.2022,42,34,0,0,https://www.benizledim.com/post/rear-window,Rear Window (Alfred Hitchcock)| Bir Kadın Ne Kadar Güçlüdür?,2022-09-24T18:53:55.928Z,Alphan Karabat,https://www.benizledim.com/profile/alphankarabat/profile,resolved,exact_title,unique live title match,"site:benizledim.com/post ""Rear Window (Alfred Hitchcock)| Bir Kadın Ne Kadar Güçlüdür?"""
"https://static.wixstatic.com/media/2031bc_7d34f416c8484c34bcbb86bb59c10361~mv2.jpg/v1/fill/w_50,h_50,al_c,q_80,usm_0.66_1.00_0.01/2031bc_7d34f416c8484c34bcbb86bb59c10361~mv2.jpg",Guardians of the Galaxy vol3 Soundtracks,06.05.2023,40,33,0,0,,,,,,missing_live_match,,,"site:benizledim.com/post ""Guardians of the Galaxy vol3 Soundtracks"""
"https://static.wixstatic.com/media/e2372f_48af748cc3c641708bcab4ec257e5873~mv2.jpg/v1/fill/w_50,h_50,al_c,q_80,usm_0.66_1.00_0.01/e2372f_48af748cc3c641708bcab4ec257e5873~mv2.jpg",İki Şafak Arasında,22.03.2023,40,34,0,0,https://www.benizledim.com/post/i-ki-şafak-arasında,İki Şafak Arasında,2023-03-22T10:56:10.888Z,Gökçe Serim,https://www.benizledim.com/profile/serimgokce/profile,resolved,exact_title,unique live title match,"site:benizledim.com/post ""İki Şafak Arasında"""
"https://static.wixstatic.com/media/61dd5d_a491675a1f5d4b9fb5c0e2f99193aeb9~mv2.webp/v1/fill/w_50,h_50,al_c,q_80,usm_0.66_1.00_0.01/61dd5d_a491675a1f5d4b9fb5c0e2f99193aeb9~mv2.webp",The Exorcist: Believer - İzleyiciyi Enayi Yerine Koyan Korku Filmi,25.10.2023,38,35,0,0,https://www.benizledim.com/post/the-exorcist-believer-korku-filmi,The Exorcist: Believer -  İzleyiciyi Enayi Yerine Koyan Korku Filmi,2023-10-25T08:32:57.321Z,Gurur Sönmez,https://www.benizledim.com/profile/gurursonmez/profile,resolved,normalized_title,unique live title match,"site:benizledim.com/post ""The Exorcist: Believer - İzleyiciyi Enayi Yerine Koyan Korku Filmi"""
"https://static.wixstatic.com/media/e2372f_3c73f67469234839a1c8f28219d59be9~mv2.jpeg/v1/fill/w_50,h_50,al_c,q_80,usm_0.66_1.00_0.01/e2372f_3c73f67469234839a1c8f28219d59be9~mv2.jpeg",Bilmemek,04.06.2023,37,34,0,0,https://www.benizledim.com/post/bilmemek,Bilmemek,2023-06-04T19:14:34.705Z,Gökçe Serim,https://www.benizledim.com/profile/serimgokce/profile,resolved,exact_title,unique live title match,"site:benizledim.com/post ""Bilmemek"""
https://manage.wix.com/analytics-ng/assets/svg/placeholder.svg,Taksim’den 19 Mart’a: Mekân Üzerinden Kurulan Totaliter Rejim,18.05.2025,36,20,0,0,https://www.benizledim.com/post/taksim-den-19-mart-a-mekân-üzerinden-kurulan-totaliter-rejim,Taksim’den 19 Mart’a: Mekân Üzerinden Kurulan Totaliter Rejim,2025-05-18T11:48:08.544Z,İris Eryılmaz,https://www.benizledim.com/profile/iriseryilmaz/profile,resolved,exact_title,unique live title match,"site:benizledim.com/post ""Taksim’den 19 Mart’a: Mekân Üzerinden Kurulan Totaliter Rejim"""
https://manage.wix.com/analytics-ng/assets/svg/placeholder.svg,Red Room: Mekânın Hafızası Zihnin Mimarisi,31.10.2025,36,15,0,0,https://www.benizledim.com/post/red-room-mekânın-hafızası-zihnin-mimarisi,"Red Room: Mekânın Hafızası, Zihnin Mimarisi",2025-10-31T08:27:28.111Z,İris Eryılmaz,https://www.benizledim.com/profile/iriseryilmaz/profile,resolved,normalized_title,unique live title match,"site:benizledim.com/post ""Red Room: Mekânın Hafızası Zihnin Mimarisi"""
"https://static.wixstatic.com/media/2031bc_6e871a85c96445d887e5dfb6fa0af46b~mv2.webp/v1/fill/w_50,h_50,al_c,q_80,usm_0.66_1.00_0.01/2031bc_6e871a85c96445d887e5dfb6fa0af46b~mv2.webp",Tales of The Walking Dead,02.07.2023,35,35,0,0,https://www.benizledim.com/post/tales-of-twd,Tales of The Walking Dead,2023-07-02T11:41:52.299Z,Alphan Karabat,https://www.benizledim.com/profile/alphankarabat/profile,resolved,exact_title,unique live title match,"site:benizledim.com/post ""Tales of The Walking Dead"""
"https://static.wixstatic.com/media/e2372f_9e6113a3e95149be894f0f40cdc9da7b~mv2.jpeg/v1/fill/w_50,h_50,al_c,q_80,usm_0.66_1.00_0.01/e2372f_9e6113a3e95149be894f0f40cdc9da7b~mv2.jpeg",L'evenement/Kürtaj,03.09.2022,35,31,0,0,https://www.benizledim.com/post/l-evenement-kürtaj,L'evenement/Kürtaj,2022-09-03T16:31:34.287Z,Gökçe Serim,https://www.benizledim.com/profile/serimgokce/profile,resolved,exact_title,unique live title match,"site:benizledim.com/post ""L'evenement/Kürtaj"""
"https://static.wixstatic.com/media/2031bc_c125cf5c99cd4be986956cbc803e2220~mv2.jpg/v1/fill/w_50,h_50,al_c,q_80,usm_0.66_1.00_0.01/2031bc_c125cf5c99cd4be986956cbc803e2220~mv2.jpg",The Wonderful Story of Henry Sugar,30.09.2023,35,33,0,0,,,,,,missing_live_match,,,"site:benizledim.com/post ""The Wonderful Story of Henry Sugar"""
"https://static.wixstatic.com/media/61dd5d_c87b1e0bf48a4b73a322e1e7577d010e~mv2.jpg/v1/fill/w_50,h_50,al_c,q_80,usm_0.66_1.00_0.01/61dd5d_c87b1e0bf48a4b73a322e1e7577d010e~mv2.jpg",The 44th Istanbul Film Festival Kicks Off April 11 with 154 Films and Global Highlights,15.04.2025,34,32,0,0,,,,,,missing_live_match,,,"site:benizledim.com/post ""The 44th Istanbul Film Festival Kicks Off April 11 with 154 Films and Global Highlights"""
"https://static.wixstatic.com/media/e2372f_cae75dc1517f4cd3b4964e28af3052f8~mv2.jpeg/v1/fill/w_50,h_50,al_c,q_80,usm_0.66_1.00_0.01/e2372f_cae75dc1517f4cd3b4964e28af3052f8~mv2.jpeg",The Painted Bird,27.08.2022,34,24,0,0,https://www.benizledim.com/post/the-painted-bird,The Painted Bird,2022-08-27T12:36:32.829Z,Gökçe Serim,https://www.benizledim.com/profile/serimgokce/profile,resolved,exact_title,unique live title match,"site:benizledim.com/post ""The Painted Bird"""
"https://static.wixstatic.com/media/61dd5d_f3ea0f20f143430ba68a7b309b8b098b~mv2.png/v1/fill/w_50,h_50,al_c,q_80,usm_0.66_1.00_0.01/61dd5d_f3ea0f20f143430ba68a7b309b8b098b~mv2.png",Süpermen süpermen olmak lazım bazen. (Her Şey Çok Güzel Olacak 1998),26.08.2022,33,31,0,0,https://www.benizledim.com/post/süpermen-süpermen-olmak-lazım-bazen-her-şey-çok-güzel-olacak-1998,"Süpermen, süpermen olmak lazım bazen. (Her Şey Çok Güzel Olacak 1998)",2022-08-26T10:47:24.133Z,Gurur Sönmez,https://www.benizledim.com/profile/gurursonmez/profile,resolved,normalized_title,unique live title match,"site:benizledim.com/post ""Süpermen süpermen olmak lazım bazen. (Her Şey Çok Güzel Olacak 1998)"""
"https://static.wixstatic.com/media/61dd5d_dd2f925a14af478fbc92172228ad6e08~mv2.webp/v1/fill/w_50,h_50,al_c,q_80,usm_0.66_1.00_0.01/61dd5d_dd2f925a14af478fbc92172228ad6e08~mv2.webp",Found Footage Filmler: Gerçekçilikten Kurguya,28.02.2024,33,32,0,0,https://www.benizledim.com/post/buluntufoundfootage,Found Footage Filmler: Gerçekçilikten Kurguya,2024-02-28T05:26:14.114Z,Nedir,https://www.benizledim.com/profile/61a5a6b1-f155-4490-9f1b-26bf2b325514/profile,resolved,exact_title,unique live title match,"site:benizledim.com/post ""Found Footage Filmler: Gerçekçilikten Kurguya"""
"https://static.wixstatic.com/media/2031bc_606ba1b7dd0548488c213deafa8ce795~mv2.jpg/v1/fill/w_50,h_50,al_c,q_80,usm_0.66_1.00_0.01/2031bc_606ba1b7dd0548488c213deafa8ce795~mv2.jpg",Koş Lola Koş! Kaderine Koş!,17.01.2023,32,30,0,0,https://www.benizledim.com/post/run-lola-run,Koş Lola Koş! Kaderine Koş!,2023-01-17T08:00:29.816Z,Alphan Karabat,https://www.benizledim.com/profile/alphankarabat/profile,resolved,exact_title,unique live title match,"site:benizledim.com/post ""Koş Lola Koş! Kaderine Koş!"""
"https://static.wixstatic.com/media/4c3f56_32275a6910754cfea3ae35b73a0bb49a~mv2.webp/v1/fill/w_50,h_50,al_c,q_80,usm_0.66_1.00_0.01/4c3f56_32275a6910754cfea3ae35b73a0bb49a~mv2.webp",The New York Times 21.Yüzyılın En İyi 100 Filmini Seçti. Hangilerini İzledin?,28.06.2025,32,23,0,0,https://www.benizledim.com/post/the-new-york-times-21-yüzyılın-en-iyi-100-filmini-seçti-hangilerini-izledin,The New York Times 21.Yüzyılın En İyi 100 Filmini Seçti. Hangilerini İzledin?,2025-06-28T20:07:06.044Z,Su Evci,https://www.benizledim.com/profile/nsuevci/profile,resolved,exact_title,unique live title match,"site:benizledim.com/post ""The New York Times 21.Yüzyılın En İyi 100 Filmini Seçti. Hangilerini İzledin?"""
"https://static.wixstatic.com/media/e2372f_11e8eeadd06342bfb17463db51cf9e5b~mv2.jpeg/v1/fill/w_50,h_50,al_c,q_80,usm_0.66_1.00_0.01/e2372f_11e8eeadd06342bfb17463db51cf9e5b~mv2.jpeg",Rosetta,01.11.2022,30,29,0,0,https://www.benizledim.com/post/rosetta,Rosetta,2022-11-01T12:32:55.655Z,Gökçe Serim,https://www.benizledim.com/profile/serimgokce/profile,resolved,exact_title,unique live title match,"site:benizledim.com/post ""Rosetta"""
"https://static.wixstatic.com/media/2031bc_f9b885ee853b451e96bc63474687eb99~mv2.jpeg/v1/fill/w_50,h_50,al_c,q_80,usm_0.66_1.00_0.01/2031bc_f9b885ee853b451e96bc63474687eb99~mv2.jpeg",Galaksinin Koruyucuları (Noel Özel Bölümü),26.11.2022,29,25,0,0,,,,,,missing_live_match,,,"site:benizledim.com/post ""Galaksinin Koruyucuları (Noel Özel Bölümü)"""
https://manage.wix.com/analytics-ng/assets/svg/placeholder.svg,İçgüdülerimizle Neden Barışık Değiliz?,14.10.2025,28,14,0,0,https://www.benizledim.com/post/i-çgüdülerimizle-neden-barışık-değiliz,İçgüdülerimizle Neden Barışık Değiliz?,2025-10-14T18:39:53.807Z,İris Eryılmaz,https://www.benizledim.com/profile/iriseryilmaz/profile,resolved,exact_title,unique live title match,"site:benizledim.com/post ""İçgüdülerimizle Neden Barışık Değiliz?"""
https://manage.wix.com/analytics-ng/assets/svg/placeholder.svg,BIZSSN in PAXOS/9 Temmuz Konstantinos Argiros Konseri/Nikos Vertis/Maestro in Blue,31.08.2025,27,13,0,0,https://www.benizledim.com/post/bizssn-in-paxos-9-temmuz-konstantinos-argiros-konseri-nikos-vertis-maestro-in-blue,BIZSSN in PAXOS/9 Temmuz Konstantinos Argiros Konseri/Nikos Vertis/Maestro in Blue,2025-08-31T02:04:41.299Z,BIZSSN,https://www.benizledim.com/profile/bizssn/profile,resolved,exact_title,unique live title match,"site:benizledim.com/post ""BIZSSN in PAXOS/9 Temmuz Konstantinos Argiros Konseri/Nikos Vertis/Maestro in Blue"""
"https://static.wixstatic.com/media/2031bc_0ae0ec063267465682c7917a48b09dad~mv2.jpg/v1/fill/w_50,h_50,al_c,q_80,usm_0.66_1.00_0.01/2031bc_0ae0ec063267465682c7917a48b09dad~mv2.jpg",Üç Hikaye Bir Film - Fransız Postası,27.08.2022,27,25,0,0,https://www.benizledim.com/post/üç-hikaye-bir-film-fransız-postası,Üç Hikaye Bir Film - Fransız Postası,2022-08-27T13:50:49.182Z,Alphan Karabat,https://www.benizledim.com/profile/alphankarabat/profile,resolved,exact_title,unique live title match,"site:benizledim.com/post ""Üç Hikaye Bir Film - Fransız Postası"""
"https://static.wixstatic.com/media/e2372f_4f820317a48249cd97a2d0c0e6a5e4af~mv2.jpeg/v1/fill/w_50,h_50,al_c,q_80,usm_0.66_1.00_0.01/e2372f_4f820317a48249cd97a2d0c0e6a5e4af~mv2.jpeg",Anatomie D'une Chute/Bir Düşüşün Anatomisi,02.12.2023,26,23,0,0,https://www.benizledim.com/post/anatomie-d-une-chute-bir-düşüşün-anatomisi,Anatomie D'une Chute/Bir Düşüşün Anatomisi,2023-12-02T10:31:23.803Z,Gökçe Serim,https://www.benizledim.com/profile/serimgokce/profile,resolved,exact_title,unique live title match,"site:benizledim.com/post ""Anatomie D'une Chute/Bir Düşüşün Anatomisi"""
"https://static.wixstatic.com/media/61dd5d_87c67d82dc2e4fbc9272e68407a8ddda~mv2.png/v1/fill/w_50,h_50,al_c,q_80,usm_0.66_1.00_0.01/61dd5d_87c67d82dc2e4fbc9272e68407a8ddda~mv2.png",Muğlaklığın Sineması: David Lynch’in Rüyalar ve Gerçeklik Arasında Kurduğu Köprü,17.01.2025,25,15,0,2,https://www.benizledim.com/post/muğlaklığın-sineması-david-lynch-in-rüyalar-ve-gerçeklik-arasında-kurduğu-köprü,Muğlaklığın Sineması: David Lynch’in Rüyalar ve Gerçeklik Arasında Kurduğu Köprü,2025-01-17T15:53:25.340Z,Gurur Sönmez,https://www.benizledim.com/profile/gurursonmez/profile,resolved,exact_title,unique live title match,"site:benizledim.com/post ""Muğlaklığın Sineması: David Lynch’in Rüyalar ve Gerçeklik Arasında Kurduğu Köprü"""
https://manage.wix.com/analytics-ng/assets/svg/placeholder.svg,İki Belgesel Tek Efsane: Ozzy Osbourne'un Son Perdesi,09.10.2025,25,9,0,0,https://www.benizledim.com/post/i-ki-belgesel-tek-efsane-ozzy-osbourne-un-son-perdesi,"İki Belgesel, Tek Efsane: Ozzy Osbourne'un Son Perdesi",2025-10-09T15:25:53.986Z,Gurur Sönmez,https://www.benizledim.com/profile/gurursonmez/profile,resolved,normalized_title,unique live title match,"site:benizledim.com/post ""İki Belgesel Tek Efsane: Ozzy Osbourne'un Son Perdesi"""
"https://static.wixstatic.com/media/6d029e_5bf49b9fc0a3419f889667a4aad650a5~mv2.png/v1/fill/w_50,h_50,al_c,q_80,usm_0.66_1.00_0.01/6d029e_5bf49b9fc0a3419f889667a4aad650a5~mv2.png",Pembe Eldiven bir boksörün büyüme hikayesi,11.12.2022,25,24,0,0,https://www.benizledim.com/post/pembe-eldiven-cesur-kısa-film,"Pembe Eldiven, bir boksörün büyüme hikayesi",2022-12-11T18:37:29.628Z,İris Eryılmaz,https://www.benizledim.com/profile/iriseryilmaz/profile,resolved,normalized_title,unique live title match,"site:benizledim.com/post ""Pembe Eldiven bir boksörün büyüme hikayesi"""
"https://static.wixstatic.com/media/cf226d_2e69009ff8ae4bbdb9ada59c5b2c6c6a~mv2.png/v1/fill/w_50,h_50,al_c,q_80,usm_0.66_1.00_0.01/cf226d_2e69009ff8ae4bbdb9ada59c5b2c6c6a~mv2.png",Kar ve Beni Sevenler Listesi,22.04.2023,24,23,0,0,https://www.benizledim.com/post/kar-ve-beni-sevenler-listesi,Kar ve Beni Sevenler Listesi,2023-04-22T17:52:16.168Z,Meriç Kılınç,https://www.benizledim.com/profile/mericileti/profile,resolved,exact_title,unique live title match,"site:benizledim.com/post ""Kar ve Beni Sevenler Listesi"""
"https://static.wixstatic.com/media/61dd5d_ad58b9375dc14918aeded862e3872616~mv2.jpg/v1/fill/w_50,h_50,al_c,q_80,usm_0.66_1.00_0.01/61dd5d_ad58b9375dc14918aeded862e3872616~mv2.jpg",20.000 Arı Türü / 20.000 Especies de Abejas / 20000 Species of Bees,07.04.2023,24,21,0,0,,,,,,missing_live_match,,,"site:benizledim.com/post ""20.000 Arı Türü / 20.000 Especies de Abejas / 20000 Species of Bees"""
"https://static.wixstatic.com/media/61dd5d_9736a377a95443ebaee915a28ba9e921~mv2.webp/v1/fill/w_50,h_50,al_c,q_80,usm_0.66_1.00_0.01/61dd5d_9736a377a95443ebaee915a28ba9e921~mv2.webp",Baradaran-e Leila/Leyla'nın Kardeşleri,14.04.2023,24,24,0,0,https://www.benizledim.com/post/baradaran-e-leila-leyla-nın-kardeşleri,Baradaran-e Leila/Leyla'nın Kardeşleri,2023-04-14T08:15:54.500Z,Gökçe Serim,https://www.benizledim.com/profile/serimgokce/profile,resolved,exact_title,unique live title match,"site:benizledim.com/post ""Baradaran-e Leila/Leyla'nın Kardeşleri"""
https://manage.wix.com/analytics-ng/assets/svg/placeholder.svg,Superman (2025) İncelemesi - Karanlıktan Aydınlığa Özüne Dönüş,28.08.2025,23,18,1,0,https://www.benizledim.com/post/superman-2025-i-ncelemesi-karanlıktan-aydınlığa-özüne-dönüş,"Superman (2025) İncelemesi - Karanlıktan Aydınlığa, Özüne Dönüş",2025-08-28T07:23:58.557Z,Su Evci,https://www.benizledim.com/profile/nsuevci/profile,resolved,normalized_title,unique live title match,"site:benizledim.com/post ""Superman (2025) İncelemesi - Karanlıktan Aydınlığa Özüne Dönüş"""
"https://static.wixstatic.com/media/e2372f_6a7f8c0bd6d44131af3482f161601f08~mv2.jpeg/v1/fill/w_50,h_50,al_c,q_80,usm_0.66_1.00_0.01/e2372f_6a7f8c0bd6d44131af3482f161601f08~mv2.jpeg",Prima Facie,17.12.2022,23,18,0,0,https://www.benizledim.com/post/prima-facie,Prima Facie,2022-12-17T11:29:48.322Z,Gökçe Serim,https://www.benizledim.com/profile/serimgokce/profile,resolved,exact_title,unique live title match,"site:benizledim.com/post ""Prima Facie"""
"https://static.wixstatic.com/media/61dd5d_209e1647f8944c82a05ad0df9e9ddf7f~mv2.jpg/v1/fill/w_50,h_50,al_c,q_80,usm_0.66_1.00_0.01/61dd5d_209e1647f8944c82a05ad0df9e9ddf7f~mv2.jpg",İran Sineması: Perdedeki Şiir Toplumsal Ayna ve Uluslararası Başarının Hikayesi,02.06.2025,22,17,0,1,https://www.benizledim.com/post/i-ran-sineması-perdedeki-şiir-toplumsal-ayna-ve-uluslararası-başarının-hikayesi,"İran Sineması: Perdedeki Şiir, Toplumsal Ayna ve Uluslararası Başarının Hikayesi",2025-06-02T07:00:12.403Z,Ben İzledim,https://www.benizledim.com/profile/benizledimblog/profile,resolved,normalized_title,unique live title match,"site:benizledim.com/post ""İran Sineması: Perdedeki Şiir Toplumsal Ayna ve Uluslararası Başarının Hikayesi"""
"https://static.wixstatic.com/media/2031bc_1a9d28fef89445e4ab4af8f4b008f331~mv2.jpg/v1/fill/w_50,h_50,al_c,q_80,usm_0.66_1.00_0.01/2031bc_1a9d28fef89445e4ab4af8f4b008f331~mv2.jpg",Is Loki Over? Is Season 3 coming?,11.11.2023,22,16,0,0,,,,,,missing_live_match,,,"site:benizledim.com/post ""Is Loki Over? Is Season 3 coming?"""
"https://static.wixstatic.com/media/2031bc_5ee72786000c413fa022aa2a72c41336~mv2.jpg/v1/fill/w_50,h_50,al_c,q_80,usm_0.66_1.00_0.01/2031bc_5ee72786000c413fa022aa2a72c41336~mv2.jpg",Deadpool 3 - After Credits Var Mı?,24.07.2024,21,17,0,0,https://www.benizledim.com/post/deadpool-3-kaç-after-credits-var,Deadpool 3 - After Credits Var Mı?,2024-07-24T17:57:06.683Z,Alphan Karabat,https://www.benizledim.com/profile/alphankarabat/profile,resolved,exact_title,unique live title match,"site:benizledim.com/post ""Deadpool 3 - After Credits Var Mı?"""
"https://static.wixstatic.com/media/e0d01e_592046b54fae4d1888d9d11df55c900d~mv2.jpg/v1/fill/w_50,h_50,al_c,q_80,usm_0.66_1.00_0.01/e0d01e_592046b54fae4d1888d9d11df55c900d~mv2.jpg",İstanbul’un Ritmi: Fatih Akın ile Müzikal Bir Yolculuk,09.07.2024,21,21,0,0,https://www.benizledim.com/post/i-stanbul-un-ritmi-fatih-akın-ile-müzikal-bir-yolculuk,İstanbul’un Ritmi: Fatih Akın ile Müzikal Bir Yolculuk,2024-07-09T18:19:09.726Z,İris Eryılmaz,https://www.benizledim.com/profile/iriseryilmaz/profile,resolved,exact_title,unique live title match,"site:benizledim.com/post ""İstanbul’un Ritmi: Fatih Akın ile Müzikal Bir Yolculuk"""
"https://static.wixstatic.com/media/4c3f56_e6e7860074264cc49728d5bf8d338277~mv2.jpg/v1/fill/w_50,h_50,al_c,q_80,usm_0.66_1.00_0.01/4c3f56_e6e7860074264cc49728d5bf8d338277~mv2.jpg",A Complete Unknown Lives Up to Its Name - Film Review,21.03.2025,20,17,0,0,,,,,,missing_live_match,,,"site:benizledim.com/post ""A Complete Unknown Lives Up to Its Name - Film Review"""
"https://static.wixstatic.com/media/e2372f_4226aebb646b4d409d83cedaef3e2743~mv2.jpeg/v1/fill/w_50,h_50,al_c,q_80,usm_0.66_1.00_0.01/e2372f_4226aebb646b4d409d83cedaef3e2743~mv2.jpeg",Pleasure,26.08.2022,20,19,0,0,https://www.benizledim.com/post/pleasure,Pleasure,2022-08-26T07:06:35.197Z,Gökçe Serim,https://www.benizledim.com/profile/serimgokce/profile,resolved,exact_title,unique live title match,"site:benizledim.com/post ""Pleasure"""
"https://static.wixstatic.com/media/e80e12_07bc3b3c353d4e59b8d1505cbb85aeb1~mv2.jpg/v1/fill/w_50,h_50,al_c,q_80,usm_0.66_1.00_0.01/e80e12_07bc3b3c353d4e59b8d1505cbb85aeb1~mv2.jpg",The Shining: Here's Kubrick!,03.10.2022,20,16,0,0,https://www.benizledim.com/post/the-shining-here-s-kubrick,The Shining: Here's Kubrick!,2022-10-03T18:27:12.928Z,Ceren Dere,https://www.benizledim.com/profile/cerendere9/profile,resolved,exact_title,unique live title match,"site:benizledim.com/post ""The Shining: Here's Kubrick!"""
"https://static.wixstatic.com/media/2031bc_b6c588610e394e2788187cfb7cf54dd8~mv2.webp/v1/fill/w_50,h_50,al_c,q_80,usm_0.66_1.00_0.01/2031bc_b6c588610e394e2788187cfb7cf54dd8~mv2.webp",Kim Bu Thrawn? Kim Bu Ezra Bridger?,20.09.2023,19,15,0,0,https://www.benizledim.com/post/kim-bu-thrawn,Kim Bu Thrawn? Kim Bu Ezra Bridger?,2023-09-20T19:15:11.809Z,Alphan Karabat,https://www.benizledim.com/profile/alphankarabat/profile,resolved,exact_title,unique live title match,"site:benizledim.com/post ""Kim Bu Thrawn? Kim Bu Ezra Bridger?"""
"https://static.wixstatic.com/media/34960a_1dba1d341aaa40cda31bb7b95269d452~mv2.jpeg/v1/fill/w_50,h_50,al_c,q_80,usm_0.66_1.00_0.01/34960a_1dba1d341aaa40cda31bb7b95269d452~mv2.jpeg",La Planète Sauvage: İnsan Irkına Bir de Bu Gezegenden Bakın,11.09.2022,19,17,0,0,https://www.benizledim.com/post/la-planète-sauvage-i̇nsan-irkına-bir-de-bu-gezegenden-bakın,La Planète Sauvage: İnsan Irkına Bir de Bu Gezegenden Bakın,2022-09-11T01:38:23.480Z,Hümeyra Fidan,https://www.benizledim.com/profile/humeyrafidan8/profile,resolved,exact_title,unique live title match,"site:benizledim.com/post ""La Planète Sauvage: İnsan Irkına Bir de Bu Gezegenden Bakın"""
"https://static.wixstatic.com/media/f9f281_596c4043ca1c4b74a06cd380d0287959~mv2.jpg/v1/fill/w_50,h_50,al_c,q_80,usm_0.66_1.00_0.01/f9f281_596c4043ca1c4b74a06cd380d0287959~mv2.jpg",Undine: Beni Terk Edersen Seni Öldürmem Gerekir,16.09.2022,17,14,0,0,https://www.benizledim.com/post/undine-analiz,"Undine: Beni Terk Edersen, Seni Öldürmem Gerekir",2022-09-16T11:11:42.749Z,kirazselin,https://www.benizledim.com/profile/kirazselin/profile,resolved,normalized_title,unique live title match,"site:benizledim.com/post ""Undine: Beni Terk Edersen Seni Öldürmem Gerekir"""
"https://static.wixstatic.com/media/996255_c09d3d2e761e444b89d7332cbc0c49c8~mv2.jpg/v1/fill/w_50,h_50,al_c,q_80,usm_0.66_1.00_0.01/996255_c09d3d2e761e444b89d7332cbc0c49c8~mv2.jpg",Chungking Express ve : Aşkın Gölgesindeki Şehir ve Yurtsuzluk,03.10.2024,17,12,0,0,,,,,,missing_live_match,,,"site:benizledim.com/post ""Chungking Express ve : Aşkın Gölgesindeki Şehir ve Yurtsuzluk"""
"https://static.wixstatic.com/media/61dd5d_48e5a990e101447e9387f34b475ebc8d~mv2.png/v1/fill/w_50,h_50,al_c,q_80,usm_0.66_1.00_0.01/61dd5d_48e5a990e101447e9387f34b475ebc8d~mv2.png",Japon Sinemasının Yüzyılı Aşan Yolculuğu (IMDB Listesi),30.04.2025,17,15,0,0,,,,,,missing_live_match,,,"site:benizledim.com/post ""Japon Sinemasının Yüzyılı Aşan Yolculuğu (IMDB Listesi)"""
"https://static.wixstatic.com/media/61dd5d_023ef975f55c4feb855b8dade1983b3b~mv2.png/v1/fill/w_50,h_50,al_c,q_80,usm_0.66_1.00_0.01/61dd5d_023ef975f55c4feb855b8dade1983b3b~mv2.png",Korku Sinemasının En İyi 10 Filmi: Tüylerinizi Diken Diken Edecek En İyi Korku Filmleri,18.09.2024,17,12,0,0,https://www.benizledim.com/post/eniyikorkufilmleri,Korku Sinemasının En İyi 10 Filmi: Tüylerinizi Diken Diken Edecek En İyi Korku Filmleri,2024-09-18T07:58:46.486Z,Nedir,https://www.benizledim.com/profile/61a5a6b1-f155-4490-9f1b-26bf2b325514/profile,resolved,exact_title,unique live title match,"site:benizledim.com/post ""Korku Sinemasının En İyi 10 Filmi: Tüylerinizi Diken Diken Edecek En İyi Korku Filmleri"""
https://manage.wix.com/analytics-ng/assets/svg/placeholder.svg,Sarı Çocuk: Amerikan Çizgi Roman Tarihinde Bir Dönüm Noktası,07.06.2024,17,16,0,0,https://www.benizledim.com/post/sarı-çocuk-amerikan-çizgi-roman-tarihinde-bir-dönüm-noktası,Sarı Çocuk: Amerikan Çizgi Roman Tarihinde Bir Dönüm Noktası,2024-06-07T14:39:27.469Z,Alphan Karabat,https://www.benizledim.com/profile/alphankarabat/profile,resolved,exact_title,unique live title match,"site:benizledim.com/post ""Sarı Çocuk: Amerikan Çizgi Roman Tarihinde Bir Dönüm Noktası"""
"https://static.wixstatic.com/media/61dd5d_6151f8815490485a9534bbf1c3a4c879~mv2.jpg/v1/fill/w_50,h_50,al_c,q_80,usm_0.66_1.00_0.01/61dd5d_6151f8815490485a9534bbf1c3a4c879~mv2.jpg",44. İstanbul Film Festivali: Sinemanın Işığında 12 Günlük Bir Yolculuk,21.03.2025,17,10,0,1,https://www.benizledim.com/post/44-i-stanbul-film-festivali-sinemanın-işığında-12-günlük-bir-yolculuk,44. İstanbul Film Festivali: Sinemanın Işığında 12 Günlük Bir Yolculuk,2025-03-21T13:32:52.179Z,Ben İzledim,https://www.benizledim.com/profile/benizledimblog/profile,resolved,exact_title,unique live title match,"site:benizledim.com/post ""44. İstanbul Film Festivali: Sinemanın Işığında 12 Günlük Bir Yolculuk"""
"https://static.wixstatic.com/media/795bb3_8f1500d71e35474abcd64a1c1e561cac~mv2.jpg/v1/fill/w_50,h_50,al_c,q_80,usm_0.66_1.00_0.01/795bb3_8f1500d71e35474abcd64a1c1e561cac~mv2.jpg",AŞIKLAR BAYRAMI: “Babalar Hep Yarım Kalır.”,14.09.2022,16,14,0,0,https://www.benizledim.com/post/asiklarbayrami,AŞIKLAR BAYRAMI: “Babalar Hep Yarım Kalır.”,2022-09-13T23:53:17.915Z,nevroz ürün,https://www.benizledim.com/profile/1903nev/profile,resolved,exact_title,unique live title match,"site:benizledim.com/post ""AŞIKLAR BAYRAMI: “Babalar Hep Yarım Kalır.”"""
"https://static.wixstatic.com/media/e2372f_d91423a0fbd74c97aac0a5e251d63090~mv2.jpeg/v1/fill/w_50,h_50,al_c,q_80,usm_0.66_1.00_0.01/e2372f_d91423a0fbd74c97aac0a5e251d63090~mv2.jpeg",Nefesim Kesilene Kadar,28.01.2023,16,14,0,0,https://www.benizledim.com/post/nefesim-kesilene-kadar,Nefesim Kesilene Kadar,2023-01-28T10:20:06.322Z,Gökçe Serim,https://www.benizledim.com/profile/serimgokce/profile,resolved,exact_title,unique live title match,"site:benizledim.com/post ""Nefesim Kesilene Kadar"""
"https://static.wixstatic.com/media/34960a_4484a21e742e429491d2e3eaddbf2fee~mv2.webp/v1/fill/w_50,h_50,al_c,q_80,usm_0.66_1.00_0.01/34960a_4484a21e742e429491d2e3eaddbf2fee~mv2.webp",The Room Next Door (Yandaki Oda): Almodóvar’ın Ölümlülük ve Dostluk Üzerine Zarif Keşfi,12.11.2024,16,12,0,1,https://www.benizledim.com/post/the-room-next-door-yandaki-oda-almodóvar-ın-ölümlülük-ve-dostluk-üzerine-zarif-keşfi,The Room Next Door (Yandaki Oda): Almodóvar’ın Ölümlülük ve Dostluk Üzerine Zarif Keşfi,2024-11-12T08:11:23.152Z,Hümeyra Fidan,https://www.benizledim.com/profile/humeyrafidan8/profile,resolved,exact_title,unique live title match,"site:benizledim.com/post ""The Room Next Door (Yandaki Oda): Almodóvar’ın Ölümlülük ve Dostluk Üzerine Zarif Keşfi"""
"https://static.wixstatic.com/media/2031bc_b96e6291777945abbb39dac91da6f6fc~mv2.webp/v1/fill/w_50,h_50,al_c,q_80,usm_0.66_1.00_0.01/2031bc_b96e6291777945abbb39dac91da6f6fc~mv2.webp",Dune 2'de Neler Oldu?,03.03.2024,16,16,0,0,https://www.benizledim.com/post/dune-2-de-neler-oldu,Dune 2'de Neler Oldu?,2024-03-03T10:40:22.597Z,Alphan Karabat,https://www.benizledim.com/profile/alphankarabat/profile,resolved,exact_title,unique live title match,"site:benizledim.com/post ""Dune 2'de Neler Oldu?"""
"https://static.wixstatic.com/media/2031bc_e993e0e582a14387a25eaa4e09c47589~mv2.webp/v1/fill/w_50,h_50,al_c,q_80,usm_0.66_1.00_0.01/2031bc_e993e0e582a14387a25eaa4e09c47589~mv2.webp",Pixar Filmlerindeki A113 Nedir?,04.10.2023,16,14,0,0,https://www.benizledim.com/post/pixar-filmlerindeki-a113-nedir,Pixar Filmlerindeki A113 Nedir?,2023-10-04T13:28:33.532Z,Alphan Karabat,https://www.benizledim.com/profile/alphankarabat/profile,resolved,exact_title,unique live title match,"site:benizledim.com/post ""Pixar Filmlerindeki A113 Nedir?"""
"https://static.wixstatic.com/media/e2372f_eb3181c6c1df41a291aa11953d1d418b~mv2.jpeg/v1/fill/w_50,h_50,al_c,q_80,usm_0.66_1.00_0.01/e2372f_eb3181c6c1df41a291aa11953d1d418b~mv2.jpeg",Sib/Elma,23.08.2023,15,15,0,0,https://www.benizledim.com/post/sib-elma,Sib/Elma,2023-08-23T13:05:11.574Z,Gökçe Serim,https://www.benizledim.com/profile/serimgokce/profile,resolved,exact_title,unique live title match,"site:benizledim.com/post ""Sib/Elma"""
"https://static.wixstatic.com/media/2031bc_c3f00a91193e4165a80ef17b24a60c55~mv2.jpg/v1/fill/w_50,h_50,al_c,q_80,usm_0.66_1.00_0.01/2031bc_c3f00a91193e4165a80ef17b24a60c55~mv2.jpg",Horse Girl,15.10.2022,15,14,0,0,https://www.benizledim.com/post/horse-girl,Horse Girl,2022-10-15T06:00:13.208Z,Alphan Karabat,https://www.benizledim.com/profile/alphankarabat/profile,resolved,exact_title,unique live title match,"site:benizledim.com/post ""Horse Girl"""
"https://static.wixstatic.com/media/2031bc_02557cfe1d6a4e67a1144466b3e594c8~mv2.webp/v1/fill/w_50,h_50,al_c,q_80,usm_0.66_1.00_0.01/2031bc_02557cfe1d6a4e67a1144466b3e594c8~mv2.webp",Kaos Yürüyüşü - (Kaos Senaryosuyla),03.11.2022,15,13,0,0,https://www.benizledim.com/post/chaos-walking,Kaos Yürüyüşü - (Kaos Senaryosuyla),2022-11-03T08:28:35.720Z,Alphan Karabat,https://www.benizledim.com/profile/alphankarabat/profile,resolved,exact_title,unique live title match,"site:benizledim.com/post ""Kaos Yürüyüşü - (Kaos Senaryosuyla)"""
"https://static.wixstatic.com/media/2031bc_5579b6bce6844af2bb824229b123b7de~mv2.webp/v1/fill/w_50,h_50,al_c,q_80,usm_0.66_1.00_0.01/2031bc_5579b6bce6844af2bb824229b123b7de~mv2.webp",The Royal Tenenbaums - Sevgi Dolu Bir Aile Görün!,30.04.2023,14,12,0,0,https://www.benizledim.com/post/the-royal-tenenbaums,The Royal Tenenbaums - Sevgi Dolu Bir Aile Görün!,2023-04-30T07:00:18.371Z,Alphan Karabat,https://www.benizledim.com/profile/alphankarabat/profile,resolved,exact_title,unique live title match,"site:benizledim.com/post ""The Royal Tenenbaums - Sevgi Dolu Bir Aile Görün!"""
"https://static.wixstatic.com/media/e2372f_e9de4d1c50f743d99450ff8e82e0d05c~mv2.jpeg/v1/fill/w_50,h_50,al_c,q_80,usm_0.66_1.00_0.01/e2372f_e9de4d1c50f743d99450ff8e82e0d05c~mv2.jpeg",Holy Spider/Kutsal Örümcek,24.05.2023,14,14,0,0,https://www.benizledim.com/post/holy-spider-kutsal-örümcek,Holy Spider/Kutsal Örümcek,2023-05-24T09:31:55.786Z,Gökçe Serim,https://www.benizledim.com/profile/serimgokce/profile,resolved,exact_title,unique live title match,"site:benizledim.com/post ""Holy Spider/Kutsal Örümcek"""
"https://static.wixstatic.com/media/e2372f_b3ab0ad8d31c44a7b293d5b1495a303c~mv2.jpeg/v1/fill/w_50,h_50,al_c,q_80,usm_0.66_1.00_0.01/e2372f_b3ab0ad8d31c44a7b293d5b1495a303c~mv2.jpeg",Kynodontas/Köpek Dişi,13.09.2022,14,13,0,0,https://www.benizledim.com/post/kynodontas-köpek-dişi,Kynodontas/Köpek Dişi,2022-09-13T20:48:01.000Z,Gökçe Serim,https://www.benizledim.com/profile/serimgokce/profile,resolved,exact_title,unique live title match,"site:benizledim.com/post ""Kynodontas/Köpek Dişi"""
"https://static.wixstatic.com/media/307081_c7f95f4d94cb45b28df769411aa2c801~mv2.webp/v1/fill/w_50,h_50,al_c,q_80,usm_0.66_1.00_0.01/307081_c7f95f4d94cb45b28df769411aa2c801~mv2.webp",''Vakit Varken'' (Era Ora) anın tadını çıkarmaya çalışalım;),20.03.2023,14,13,0,0,https://www.benizledim.com/post/vakit-varken-era-ora-anın-tadını-çıkarmaya-çalışalım,''Vakit Varken'' (Era Ora) anın tadını çıkarmaya çalışalım;),2023-03-20T17:37:36.123Z,BIZSSN,https://www.benizledim.com/profile/bizssn/profile,resolved,exact_title,unique live title match,"site:benizledim.com/post ""''Vakit Varken'' (Era Ora) anın tadını çıkarmaya çalışalım;)"""
https://manage.wix.com/analytics-ng/assets/svg/placeholder.svg,The Materialists: Modern Aşkın Yüzeyinde Kalan Bir Hikâye,18.06.2025,14,11,0,0,https://www.benizledim.com/post/the-materialists-modern-aşkın-yüzeyinde-kalan-bir-hikâye,The Materialists: Modern Aşkın Yüzeyinde Kalan Bir Hikâye,2025-06-18T19:54:59.095Z,İris Eryılmaz,https://www.benizledim.com/profile/iriseryilmaz/profile,resolved,exact_title,unique live title match,"site:benizledim.com/post ""The Materialists: Modern Aşkın Yüzeyinde Kalan Bir Hikâye"""
"https://static.wixstatic.com/media/61dd5d_aea2220d663a4bd4acfe67b520003410~mv2.jpeg/v1/fill/w_50,h_50,al_c,q_80,usm_0.66_1.00_0.01/61dd5d_aea2220d663a4bd4acfe67b520003410~mv2.jpeg",The Crown (Dizi) 2016,11.10.2022,14,13,0,0,https://www.benizledim.com/post/the-crown-dizi-2016,The Crown (Dizi) 2016,2022-10-11T12:20:30.655Z,Gurur Sönmez,https://www.benizledim.com/profile/gurursonmez/profile,resolved,exact_title,unique live title match,"site:benizledim.com/post ""The Crown (Dizi) 2016"""
"https://static.wixstatic.com/media/61dd5d_017b4259c4794308b3e73c5702fbae94~mv2.png/v1/fill/w_50,h_50,al_c,q_80,usm_0.66_1.00_0.01/61dd5d_017b4259c4794308b3e73c5702fbae94~mv2.png",Latin Sinemasının İz Bırakan En İyi 10 Filmi: IMDb Puanlarına Göre Sıralı,24.01.2025,13,12,0,0,https://www.benizledim.com/post/latin-sinemasının-i-z-bırakan-en-i-yi-10-filmi-imdb-puanlarına-göre-sıralı,Latin Sinemasının İz Bırakan En İyi 10 Filmi: IMDb Puanlarına Göre Sıralı,2025-01-24T08:39:05.860Z,Nedir,https://www.benizledim.com/profile/61a5a6b1-f155-4490-9f1b-26bf2b325514/profile,resolved,exact_title,unique live title match,"site:benizledim.com/post ""Latin Sinemasının İz Bırakan En İyi 10 Filmi: IMDb Puanlarına Göre Sıralı"""
"https://static.wixstatic.com/media/2031bc_527f9aaf2c46420391b1b87fb5df8124~mv2.jpg/v1/fill/w_50,h_50,al_c,q_80,usm_0.66_1.00_0.01/2031bc_527f9aaf2c46420391b1b87fb5df8124~mv2.jpg",That'90s Show - 70'lere Dönüş!,20.01.2023,13,12,0,0,https://www.benizledim.com/post/that90sshow_s1,That'90s Show - 70'lere Dönüş!,2023-01-20T14:18:31.811Z,Alphan Karabat,https://www.benizledim.com/profile/alphankarabat/profile,resolved,exact_title,unique live title match,"site:benizledim.com/post ""That'90s Show - 70'lere Dönüş!"""
"https://static.wixstatic.com/media/2031bc_889d4d2ecd714c8cb6b36fc01968c20e~mv2.jpg/v1/fill/w_50,h_50,al_c,q_80,usm_0.66_1.00_0.01/2031bc_889d4d2ecd714c8cb6b36fc01968c20e~mv2.jpg",Moonfall (2022),18.11.2022,13,13,0,0,https://www.benizledim.com/post/moonfall,Moonfall (2022),2022-11-18T18:13:50.280Z,Alphan Karabat,https://www.benizledim.com/profile/alphankarabat/profile,resolved,exact_title,unique live title match,"site:benizledim.com/post ""Moonfall (2022)"""
"https://static.wixstatic.com/media/4c3f56_f1a2401cb8784c85a58dfd067de25155~mv2.jpg/v1/fill/w_50,h_50,al_c,q_80,usm_0.66_1.00_0.01/4c3f56_f1a2401cb8784c85a58dfd067de25155~mv2.jpg",The Crown Season 5: Yachts Interviews & Divorce,15.12.2022,13,13,0,0,,,,,,missing_live_match,,,"site:benizledim.com/post ""The Crown Season 5: Yachts Interviews & Divorce"""
"https://static.wixstatic.com/media/34960a_8f9b376a08dc40f8b276d2fb82ce9035~mv2.jpeg/v1/fill/w_50,h_50,al_c,q_80,usm_0.66_1.00_0.01/34960a_8f9b376a08dc40f8b276d2fb82ce9035~mv2.jpeg",Endless Poetry (Poesía sin fin) - Alejandro Jodorowsky,25.09.2024,13,12,0,0,https://www.benizledim.com/post/endless-poetry-poesía-sin-fin-alejandro-jodorowsky,Endless Poetry (Poesía sin fin) - Alejandro Jodorowsky,2024-09-25T17:43:18.435Z,Hümeyra Fidan,https://www.benizledim.com/profile/humeyrafidan8/profile,resolved,exact_title,unique live title match,"site:benizledim.com/post ""Endless Poetry (Poesía sin fin) - Alejandro Jodorowsky"""
"https://static.wixstatic.com/media/2031bc_ad0424a4d5e548b88de04880837d8882~mv2.jpg/v1/fill/w_50,h_50,al_c,q_80,usm_0.66_1.00_0.01/2031bc_ad0424a4d5e548b88de04880837d8882~mv2.jpg",Tech Öldü Mü? - Bad Batch 'e 3. Sezonla Veda Ediyor,01.05.2023,13,12,0,0,https://www.benizledim.com/post/tech-öldü-mü-bad-batch-e-3-sezonla-veda-ediyor,Tech Öldü Mü? - Bad Batch 'e 3. Sezonla Veda Ediyor,2023-05-01T20:29:42.191Z,Alphan Karabat,https://www.benizledim.com/profile/alphankarabat/profile,resolved,exact_title,unique live title match,"site:benizledim.com/post ""Tech Öldü Mü? - Bad Batch 'e 3. Sezonla Veda Ediyor"""
"https://static.wixstatic.com/media/61dd5d_efea9427c80b4611b6385a490b839e8d~mv2.png/v1/fill/w_50,h_50,al_c,q_80,usm_0.66_1.00_0.01/61dd5d_efea9427c80b4611b6385a490b839e8d~mv2.png",Dünyanın En Yaşlı Yaşayan Film Yönetmenleri: Detaylı Bir İnceleme,15.04.2025,13,13,0,0,https://www.benizledim.com/post/dünyanın-en-yaşlı-yaşayan-film-yönetmenleri-detaylı-bir-i-nceleme,Dünyanın En Yaşlı Yaşayan Film Yönetmenleri: Detaylı Bir İnceleme,2025-04-15T11:20:33.950Z,Ben İzledim,https://www.benizledim.com/profile/benizledimblog/profile,resolved,exact_title,unique live title match,"site:benizledim.com/post ""Dünyanın En Yaşlı Yaşayan Film Yönetmenleri: Detaylı Bir İnceleme"""
"https://static.wixstatic.com/media/2031bc_8ba23a7a0cbf486ba61da240b135dcbe~mv2.webp/v1/fill/w_50,h_50,al_c,q_80,usm_0.66_1.00_0.01/2031bc_8ba23a7a0cbf486ba61da240b135dcbe~mv2.webp",Skrulllar Aramızda - Secret Invasion S1,27.07.2023,13,12,0,0,https://www.benizledim.com/post/skrullar_aramızda,Skrulllar Aramızda - Secret Invasion S1,2023-07-27T11:45:40.267Z,Alphan Karabat,https://www.benizledim.com/profile/alphankarabat/profile,resolved,exact_title,unique live title match,"site:benizledim.com/post ""Skrulllar Aramızda - Secret Invasion S1"""
"https://static.wixstatic.com/media/1fbcd1_1d7e1d9d95fb4f79bb875549e8189dd8~mv2.webp/v1/fill/w_50,h_50,al_c,q_80,usm_0.66_1.00_0.01/1fbcd1_1d7e1d9d95fb4f79bb875549e8189dd8~mv2.webp",MÜKEMMEL BİR GÜNÜN KEŞFİ,08.05.2024,13,7,0,0,https://www.benizledim.com/post/mükemmel-bi-r-günün-keşfi,MÜKEMMEL BİR GÜNÜN KEŞFİ,2024-05-08T11:00:47.432Z,Seda Kaya,https://www.benizledim.com/profile/sedakaya89/profile,resolved,exact_title,unique live title match,"site:benizledim.com/post ""MÜKEMMEL BİR GÜNÜN KEŞFİ"""
"https://static.wixstatic.com/media/e2372f_86102d3c6bc348cf8e7388ff1e4ea083~mv2.jpeg/v1/fill/w_50,h_50,al_c,q_80,usm_0.66_1.00_0.01/e2372f_86102d3c6bc348cf8e7388ff1e4ea083~mv2.jpeg",Plemya/The Tribe,26.08.2022,13,12,0,0,https://www.benizledim.com/post/plemya-the-tribe,Plemya/The Tribe,2022-08-26T14:21:50.764Z,Gökçe Serim,https://www.benizledim.com/profile/serimgokce/profile,resolved,exact_title,unique live title match,"site:benizledim.com/post ""Plemya/The Tribe"""
"https://static.wixstatic.com/media/e2372f_ebe7a3d145c54ed28366a3b1529d8403~mv2.jpeg/v1/fill/w_50,h_50,al_c,q_80,usm_0.66_1.00_0.01/e2372f_ebe7a3d145c54ed28366a3b1529d8403~mv2.jpeg",Oslo Üçlemesi: Dünyanın En Kötü İnsanı,17.09.2022,12,10,0,0,https://www.benizledim.com/post/oslo-üçlemesi-dünyanın-en-kötü-i-nsanı,Oslo Üçlemesi: Dünyanın En Kötü İnsanı,2022-09-17T13:06:51.434Z,Gökçe Serim,https://www.benizledim.com/profile/serimgokce/profile,resolved,exact_title,unique live title match,"site:benizledim.com/post ""Oslo Üçlemesi: Dünyanın En Kötü İnsanı"""
"https://static.wixstatic.com/media/6d029e_4665286b61bc42789eb433aedd58c97a~mv2.jpg/v1/fill/w_50,h_50,al_c,q_80,usm_0.66_1.00_0.01/6d029e_4665286b61bc42789eb433aedd58c97a~mv2.jpg",Miles Morales ve Çoklu Evren Deliliği,08.06.2023,12,10,0,0,https://www.benizledim.com/post/miles-morales-ve-çoklu-evren-deliliği,Miles Morales ve Çoklu Evren Deliliği,2023-06-08T14:35:14.206Z,İris Eryılmaz,https://www.benizledim.com/profile/iriseryilmaz/profile,resolved,exact_title,unique live title match,"site:benizledim.com/post ""Miles Morales ve Çoklu Evren Deliliği"""
"https://static.wixstatic.com/media/61dd5d_28bd4d9df14d40969edfa9482cfbbeaa~mv2.png/v1/fill/w_50,h_50,al_c,q_80,usm_0.66_1.00_0.01/61dd5d_28bd4d9df14d40969edfa9482cfbbeaa~mv2.png",Leap of Faith: Friedkin ve the Exorcist Üzerine Notlar.,29.08.2022,12,9,0,0,https://www.benizledim.com/post/leap-of-faith-friedkin-ve-the-exorcist-üzerine-notlar,Leap of Faith: Friedkin ve the Exorcist Üzerine Notlar.,2022-08-29T14:38:27.811Z,Gurur Sönmez,https://www.benizledim.com/profile/gurursonmez/profile,resolved,exact_title,unique live title match,"site:benizledim.com/post ""Leap of Faith: Friedkin ve the Exorcist Üzerine Notlar."""
"https://static.wixstatic.com/media/61dd5d_28bd4d9df14d40969edfa9482cfbbeaa~mv2.png/v1/fill/w_50,h_50,al_c,q_80,usm_0.66_1.00_0.01/61dd5d_28bd4d9df14d40969edfa9482cfbbeaa~mv2.png",Leap of Faith: Notes on Friedkin and the Exorcist.,16.11.2022,11,11,0,0,,,,,,missing_live_match,,,"site:benizledim.com/post ""Leap of Faith: Notes on Friedkin and the Exorcist."""
"https://static.wixstatic.com/media/62987b_9aa749d656fb4989aa0fa1bc057348a8~mv2.jpg/v1/fill/w_50,h_50,al_c,q_80,usm_0.66_1.00_0.01/62987b_9aa749d656fb4989aa0fa1bc057348a8~mv2.jpg",Tetris,06.04.2023,11,10,0,0,https://www.benizledim.com/post/tetris,Tetris,2023-04-05T21:00:00.000Z,Lütfican Umut,https://www.benizledim.com/profile/lutficanumut/profile,resolved,exact_title,unique live title match,"site:benizledim.com/post ""Tetris"""
"https://static.wixstatic.com/media/2031bc_92771cb7fecd41aeaa424721f60030b6~mv2.png/v1/fill/w_50,h_50,al_c,q_80,usm_0.66_1.00_0.01/2031bc_92771cb7fecd41aeaa424721f60030b6~mv2.png",Is Invincible Season 4 Coming?,14.03.2025,11,11,0,0,,,,,,missing_live_match,,,"site:benizledim.com/post ""Is Invincible Season 4 Coming?"""
"https://static.wixstatic.com/media/4c3f56_a371cd6449c341059ec48a4f2be57999~mv2.jpg/v1/fill/w_50,h_50,al_c,q_80,usm_0.66_1.00_0.01/4c3f56_a371cd6449c341059ec48a4f2be57999~mv2.jpg",Fantastic Four: First Steps – Is Marvel Back?,01.08.2025,10,9,0,0,,,,,,missing_live_match,,,"site:benizledim.com/post ""Fantastic Four: First Steps – Is Marvel Back?"""
"https://static.wixstatic.com/media/4c3f56_f1a2401cb8784c85a58dfd067de25155~mv2.jpg/v1/fill/w_50,h_50,al_c,q_80,usm_0.66_1.00_0.01/4c3f56_f1a2401cb8784c85a58dfd067de25155~mv2.jpg",The Crown 5. Sezon: Yatlar Röportajlar & Boşanma,15.12.2022,10,9,0,0,,,,,,missing_live_match,,,"site:benizledim.com/post ""The Crown 5. Sezon: Yatlar Röportajlar & Boşanma"""
"https://static.wixstatic.com/media/af6835_cff8e2d1833c405cba61335b1afe07ad~mv2.png/v1/fill/w_50,h_50,al_c,q_80,usm_0.66_1.00_0.01/af6835_cff8e2d1833c405cba61335b1afe07ad~mv2.png",Çocuk süper kahraman Barbie / Invincible Presenting: Atom Eve,07.08.2023,10,10,0,0,https://www.benizledim.com/post/çocuk-süper-kahraman-barbie-invincible-presenting-atom-eve,Çocuk süper kahraman Barbie / Invincible Presenting: Atom Eve,2023-08-07T13:23:34.697Z,Hüseyin Emre Sepetci,https://www.benizledim.com/profile/huseyinemresepetci/profile,resolved,exact_title,unique live title match,"site:benizledim.com/post ""Çocuk süper kahraman Barbie / Invincible Presenting: Atom Eve"""
"https://static.wixstatic.com/media/af6835_4c9f643f6b014c768706bd523192885e~mv2.jpg/v1/fill/w_50,h_50,al_c,q_80,usm_0.66_1.00_0.01/af6835_4c9f643f6b014c768706bd523192885e~mv2.jpg",Sit-Com'lar komik midir? Bir Sit-Com neden izlenilir?,09.09.2023,10,10,0,0,https://www.benizledim.com/post/sit-com-lar-komik-midir-bir-sit-com-neden-izlenilir,Sit-Com'lar komik midir? Bir Sit-Com neden izlenilir?,2023-09-09T11:18:31.388Z,Hüseyin Emre Sepetci,https://www.benizledim.com/profile/huseyinemresepetci/profile,resolved,exact_title,unique live title match,"site:benizledim.com/post ""Sit-Com'lar komik midir? Bir Sit-Com neden izlenilir?"""
"https://static.wixstatic.com/media/e2372f_1f91cc3362c44707b27640162a651cbf~mv2.jpeg/v1/fill/w_50,h_50,al_c,q_80,usm_0.66_1.00_0.01/e2372f_1f91cc3362c44707b27640162a651cbf~mv2.jpeg",John Doe: Vigilante,21.09.2022,10,9,0,0,https://www.benizledim.com/post/john-doe-vigilante,John Doe: Vigilante,2022-09-21T11:06:06.958Z,Gökçe Serim,https://www.benizledim.com/profile/serimgokce/profile,resolved,exact_title,unique live title match,"site:benizledim.com/post ""John Doe: Vigilante"""
"https://static.wixstatic.com/media/61dd5d_d2a0d209627541089b71d60c233605a5~mv2.png/v1/fill/w_50,h_50,al_c,q_80,usm_0.66_1.00_0.01/61dd5d_d2a0d209627541089b71d60c233605a5~mv2.png",Müzik Belgeselleri -1: Woodstock '99: Tam Bir Felaket (2022),03.09.2022,9,9,0,0,https://www.benizledim.com/post/müzik-belgeselleri-1-woodstock-99-tam-bir-felaket-2022,Müzik Belgeselleri -1: Woodstock '99: Tam Bir Felaket (2022),2022-09-03T15:08:39.322Z,Gurur Sönmez,https://www.benizledim.com/profile/gurursonmez/profile,resolved,exact_title,unique live title match,"site:benizledim.com/post ""Müzik Belgeselleri -1: Woodstock '99: Tam Bir Felaket (2022)"""
"https://static.wixstatic.com/media/2031bc_6ddfbcd5cd154207b7495f78610719f6~mv2.jpg/v1/fill/w_50,h_50,al_c,q_80,usm_0.66_1.00_0.01/2031bc_6ddfbcd5cd154207b7495f78610719f6~mv2.jpg",How Many After Credits Scenes in Aquaman 2 ?,21.12.2023,9,9,0,0,,,,,,missing_live_match,,,"site:benizledim.com/post ""How Many After Credits Scenes in Aquaman 2 ?"""
"https://static.wixstatic.com/media/2031bc_28ab44bd9a1646429c9fc644ee26beee~mv2.webp/v1/fill/w_50,h_50,al_c,q_80,usm_0.66_1.00_0.01/2031bc_28ab44bd9a1646429c9fc644ee26beee~mv2.webp",Tales of the Jedi - Nasıl gerçek bir Jedi olunur?,28.10.2022,9,7,0,0,https://www.benizledim.com/post/tales-of-the-jedi,Tales of the Jedi - Nasıl gerçek bir Jedi olunur?,2022-10-27T21:20:45.594Z,Alphan Karabat,https://www.benizledim.com/profile/alphankarabat/profile,resolved,exact_title,unique live title match,"site:benizledim.com/post ""Tales of the Jedi - Nasıl gerçek bir Jedi olunur?"""
"https://static.wixstatic.com/media/6d029e_0011ab878f8c4957bceafec95e7783b5~mv2.jpeg/v1/fill/w_50,h_50,al_c,q_80,usm_0.66_1.00_0.01/6d029e_0011ab878f8c4957bceafec95e7783b5~mv2.jpeg",Dark Knight Üçlemesi ve Batman,20.11.2022,9,9,0,0,https://www.benizledim.com/post/dark-knight-üçlemesi-ve-batman,Dark Knight Üçlemesi ve Batman,2022-11-20T16:04:58.299Z,İris Eryılmaz,https://www.benizledim.com/profile/iriseryilmaz/profile,resolved,exact_title,unique live title match,"site:benizledim.com/post ""Dark Knight Üçlemesi ve Batman"""
"https://static.wixstatic.com/media/2031bc_92771cb7fecd41aeaa424721f60030b6~mv2.png/v1/fill/w_50,h_50,al_c,q_80,usm_0.66_1.00_0.01/2031bc_92771cb7fecd41aeaa424721f60030b6~mv2.png",Invincible 4. Sezon Ne Zaman Geliyor?,14.03.2025,9,9,0,0,https://www.benizledim.com/post/invincible-4-sezon-ne-zaman-geliyor,Invincible 4. Sezon Ne Zaman Geliyor?,2025-03-14T11:29:28.251Z,Alphan Karabat,https://www.benizledim.com/profile/alphankarabat/profile,resolved,exact_title,unique live title match,"site:benizledim.com/post ""Invincible 4. Sezon Ne Zaman Geliyor?"""
"https://static.wixstatic.com/media/2031bc_dc654904db734afda0af2f84dcb5ca2d~mv2.jpeg/v1/fill/w_50,h_50,al_c,q_80,usm_0.66_1.00_0.01/2031bc_dc654904db734afda0af2f84dcb5ca2d~mv2.jpeg",Asteriks! Üzme Beni.,03.08.2023,8,7,0,0,https://www.benizledim.com/post/asteriks-2023,Asteriks! Üzme Beni.,2023-08-03T20:01:34.577Z,Alphan Karabat,https://www.benizledim.com/profile/alphankarabat/profile,resolved,exact_title,unique live title match,"site:benizledim.com/post ""Asteriks! Üzme Beni."""
"https://static.wixstatic.com/media/2031bc_c1e5406cb2af44abb2a5b2c30f267e76~mv2.jpg/v1/fill/w_50,h_50,al_c,q_80,usm_0.66_1.00_0.01/2031bc_c1e5406cb2af44abb2a5b2c30f267e76~mv2.jpg",The Marvels - Analizi / İncelemesi,11.11.2023,8,7,0,0,https://www.benizledim.com/post/the-marvels,The Marvels - Analizi / İncelemesi,2023-11-11T10:30:22.234Z,Alphan Karabat,https://www.benizledim.com/profile/alphankarabat/profile,resolved,exact_title,unique live title match,"site:benizledim.com/post ""The Marvels - Analizi / İncelemesi"""
"https://static.wixstatic.com/media/2031bc_5e497b0c08f14ccca85dcdd606ce12a5~mv2.jpg/v1/fill/w_50,h_50,al_c,q_80,usm_0.66_1.00_0.01/2031bc_5e497b0c08f14ccca85dcdd606ce12a5~mv2.jpg",Gerçek Bir Çocuk ve Vicdanı,11.09.2022,8,6,0,0,https://www.benizledim.com/post/pinokyo2022-analiz,Gerçek Bir Çocuk ve Vicdanı,2022-09-11T05:01:06.936Z,Alphan Karabat,https://www.benizledim.com/profile/alphankarabat/profile,resolved,exact_title,unique live title match,"site:benizledim.com/post ""Gerçek Bir Çocuk ve Vicdanı"""
"https://static.wixstatic.com/media/61dd5d_b1f3789ebd9140cfa5854aac8c133990~mv2.jpg/v1/fill/w_50,h_50,al_c,q_80,usm_0.66_1.00_0.01/61dd5d_b1f3789ebd9140cfa5854aac8c133990~mv2.jpg",Joyland - Özgürlüğün Bedeli Olan Yer.,15.04.2023,8,7,0,0,https://www.benizledim.com/post/joyland-özgürllüğün-bedeli-olan-yer,Joyland - Özgürlüğün Bedeli Olan Yer.,2023-04-15T03:03:38.394Z,Gurur Sönmez,https://www.benizledim.com/profile/gurursonmez/profile,resolved,exact_title,unique live title match,"site:benizledim.com/post ""Joyland - Özgürlüğün Bedeli Olan Yer."""
"https://static.wixstatic.com/media/2031bc_7e10fd8306f344c99a517445ad05249f~mv2.jpg/v1/fill/w_50,h_50,al_c,q_80,usm_0.66_1.00_0.01/2031bc_7e10fd8306f344c99a517445ad05249f~mv2.jpg",TAIPEI  SUICIDE STORY,12.10.2022,8,8,0,0,https://www.benizledim.com/post/tai-pei-sui-ci-de-story-1,TAIPEI  SUICIDE STORY,2022-10-12T20:00:59.650Z,nevroz ürün,https://www.benizledim.com/profile/1903nev/profile,resolved,exact_title,unique live title match,"site:benizledim.com/post ""TAIPEI  SUICIDE STORY"""
"https://static.wixstatic.com/media/307081_14024025ac3844b38781f3ade2d784f2~mv2.jpg/v1/fill/w_50,h_50,al_c,q_80,usm_0.66_1.00_0.01/307081_14024025ac3844b38781f3ade2d784f2~mv2.jpg",Ayak İşleri:Her şey kontrol altındaysa yeterince hızlı gitmiyorsunuz demektir.,05.03.2023,8,6,0,0,https://www.benizledim.com/post/ayak-i-şleri-her-şey-kontrol-altındaysa-yeterince-hızlı-gitmiyorsunuz-demektir,"Ayak İşleri:Her şey kontrol altındaysa, yeterince hızlı gitmiyorsunuz demektir.",2023-03-04T21:44:07.627Z,BIZSSN,https://www.benizledim.com/profile/bizssn/profile,resolved,normalized_title,unique live title match,"site:benizledim.com/post ""Ayak İşleri:Her şey kontrol altındaysa yeterince hızlı gitmiyorsunuz demektir."""
"https://static.wixstatic.com/media/e2372f_ae8699a752d8477eac15ef5e628e0e96~mv2.jpg/v1/fill/w_50,h_50,al_c,q_80,usm_0.66_1.00_0.01/e2372f_ae8699a752d8477eac15ef5e628e0e96~mv2.jpg",Rıza,13.11.2022,8,8,0,0,https://www.benizledim.com/post/_rıza,Rıza,2022-11-13T12:09:24.517Z,Gökçe Serim,https://www.benizledim.com/profile/serimgokce/profile,resolved,exact_title,unique live title match,"site:benizledim.com/post ""Rıza"""
"https://static.wixstatic.com/media/996255_7e8e63b8e61e4cda84d8db10aae166de~mv2.jpg/v1/fill/w_50,h_50,al_c,q_80,usm_0.66_1.00_0.01/996255_7e8e63b8e61e4cda84d8db10aae166de~mv2.jpg",Tangerines /Anlamsız düşmanlıklar,03.09.2024,7,2,0,0,https://www.benizledim.com/post/tangerines-anlamsız-düşmanlıklar,Tangerines /Anlamsız düşmanlıklar,2024-09-03T15:42:07.203Z,Ceren Dere,https://www.benizledim.com/profile/cerendere9/profile,resolved,exact_title,unique live title match,"site:benizledim.com/post ""Tangerines /Anlamsız düşmanlıklar"""
"https://static.wixstatic.com/media/4c3f56_859640ae16694f8b8b9e78eca9c7a608~mv2.webp/v1/fill/w_50,h_50,al_c,q_80,usm_0.66_1.00_0.01/4c3f56_859640ae16694f8b8b9e78eca9c7a608~mv2.webp",Here's What We Are Looking Forward to See in The Crown Season 5,09.11.2022,7,7,0,0,,,,,,missing_live_match,,,"site:benizledim.com/post ""Here's What We Are Looking Forward to See in The Crown Season 5"""
"https://static.wixstatic.com/media/e2372f_fc05e4f1be8546549d57bdcc9767d35b~mv2.jpeg/v1/fill/w_50,h_50,al_c,q_80,usm_0.66_1.00_0.01/e2372f_fc05e4f1be8546549d57bdcc9767d35b~mv2.jpeg",Lingui/Kutsal Bağlar,03.01.2023,7,5,0,0,https://www.benizledim.com/post/lingui-kutsal-bağlar,Lingui/Kutsal Bağlar,2023-01-03T18:41:57.526Z,Gökçe Serim,https://www.benizledim.com/profile/serimgokce/profile,resolved,exact_title,unique live title match,"site:benizledim.com/post ""Lingui/Kutsal Bağlar"""
"https://static.wixstatic.com/media/2031bc_6ddfbcd5cd154207b7495f78610719f6~mv2.jpg/v1/fill/w_50,h_50,al_c,q_80,usm_0.66_1.00_0.01/2031bc_6ddfbcd5cd154207b7495f78610719f6~mv2.jpg",Aquaman 2 Kaç After Credits Sahnesi Var?,21.12.2023,7,6,0,0,https://www.benizledim.com/post/aquaman-2-kaç-after-credits-sahnesi-var,Aquaman 2 Kaç After Credits Sahnesi Var?,2023-12-21T19:55:38.112Z,Alphan Karabat,https://www.benizledim.com/profile/alphankarabat/profile,resolved,exact_title,unique live title match,"site:benizledim.com/post ""Aquaman 2 Kaç After Credits Sahnesi Var?"""
"https://static.wixstatic.com/media/e2372f_7fbb5019adce406d8dfcf00d079fcd98~mv2.jpeg/v1/fill/w_50,h_50,al_c,q_80,usm_0.66_1.00_0.01/e2372f_7fbb5019adce406d8dfcf00d079fcd98~mv2.jpeg",Hayatboyu,28.08.2022,7,6,0,0,https://www.benizledim.com/post/hayatboyu,Hayatboyu,2022-08-28T15:30:58.172Z,Gökçe Serim,https://www.benizledim.com/profile/serimgokce/profile,resolved,exact_title,unique live title match,"site:benizledim.com/post ""Hayatboyu"""
"https://static.wixstatic.com/media/e2372f_305df9eeaa94405aa179f888ccf3d06c~mv2.jpeg/v1/fill/w_50,h_50,al_c,q_80,usm_0.66_1.00_0.01/e2372f_305df9eeaa94405aa179f888ccf3d06c~mv2.jpeg",Dogman,27.07.2023,7,7,0,0,https://www.benizledim.com/post/dogman,Dogman,2023-07-27T11:24:31.076Z,Gökçe Serim,https://www.benizledim.com/profile/serimgokce/profile,resolved,exact_title,unique live title match,"site:benizledim.com/post ""Dogman"""
"https://static.wixstatic.com/media/307081_29f4e35f91244d7f88bf63984ff96b85~mv2.jpg/v1/fill/w_50,h_50,al_c,q_80,usm_0.66_1.00_0.01/307081_29f4e35f91244d7f88bf63984ff96b85~mv2.jpg",Büyük Balık: Hayal Gücü Zenginliğini Gerçekliğin Dar Alanına Tercih Eden Film,02.05.2023,7,6,0,0,https://www.benizledim.com/post/büyük-balık-hayal-gücü-zenginliğini-gerçekliğin-dar-alanına-tercih-eden-film,Büyük Balık: Hayal Gücü Zenginliğini Gerçekliğin Dar Alanına Tercih Eden Film,2023-05-02T16:25:59.238Z,BIZSSN,https://www.benizledim.com/profile/bizssn/profile,resolved,exact_title,unique live title match,"site:benizledim.com/post ""Büyük Balık: Hayal Gücü Zenginliğini Gerçekliğin Dar Alanına Tercih Eden Film"""
"https://static.wixstatic.com/media/e2372f_497201b069a847f0bb85d381cbf2de57~mv2.jpeg/v1/fill/w_50,h_50,al_c,q_80,usm_0.66_1.00_0.01/e2372f_497201b069a847f0bb85d381cbf2de57~mv2.jpeg",Izgnanie/Sürgün,23.10.2023,7,7,0,0,https://www.benizledim.com/post/izgnanie-sürgün,Izgnanie/Sürgün,2023-10-23T18:31:04.422Z,Gökçe Serim,https://www.benizledim.com/profile/serimgokce/profile,resolved,exact_title,unique live title match,"site:benizledim.com/post ""Izgnanie/Sürgün"""
https://manage.wix.com/analytics-ng/assets/svg/placeholder.svg,Superman (2025) Review – From Darkness to Light Back to the Core,28.08.2025,7,7,0,0,,,,,,missing_live_match,,,"site:benizledim.com/post ""Superman (2025) Review – From Darkness to Light Back to the Core"""
"https://static.wixstatic.com/media/61dd5d_4f811d1700be47d1970bb8866c99f0b8~mv2.png/v1/fill/w_50,h_50,al_c,q_80,usm_0.66_1.00_0.01/61dd5d_4f811d1700be47d1970bb8866c99f0b8~mv2.png",Trent Reznor: Dijital Çağın Müzik Dahisi ve Film Müziği Üstadı,10.01.2025,6,4,0,0,https://www.benizledim.com/post/trent-reznor-dijital-çağın-müzik-dahisi-ve-film-müziği-üstadı,Trent Reznor: Dijital Çağın Müzik Dahisi ve Film Müziği Üstadı,2025-01-10T07:45:26.859Z,Nedir,https://www.benizledim.com/profile/61a5a6b1-f155-4490-9f1b-26bf2b325514/profile,resolved,exact_title,unique live title match,"site:benizledim.com/post ""Trent Reznor: Dijital Çağın Müzik Dahisi ve Film Müziği Üstadı"""
"https://static.wixstatic.com/media/2031bc_cf94991375e14897ad420f6c01033ca6~mv2.jpeg/v1/fill/w_50,h_50,al_c,q_80,usm_0.66_1.00_0.01/2031bc_cf94991375e14897ad420f6c01033ca6~mv2.jpeg",Quantumania | Ant-Man İnceleme,26.02.2023,6,6,0,0,https://www.benizledim.com/post/quantumania-analiz,Quantumania | Ant-Man İnceleme,2023-02-26T07:00:51.073Z,Alphan Karabat,https://www.benizledim.com/profile/alphankarabat/profile,resolved,exact_title,unique live title match,"site:benizledim.com/post ""Quantumania | Ant-Man İnceleme"""
https://manage.wix.com/analytics-ng/assets/svg/placeholder.svg,Longlegs: Yavaş Ateşlenen Bir Gerilim Hızla Tükenen Bir Hikâye,09.09.2024,6,5,0,0,https://www.benizledim.com/post/longlegs-yavaş-ateşlenen-bir-gerilim-hızla-tükenen-bir-hikâye,"Longlegs: Yavaş Ateşlenen Bir Gerilim, Hızla Tükenen Bir Hikâye",2024-09-09T08:29:54.236Z,İris Eryılmaz,https://www.benizledim.com/profile/iriseryilmaz/profile,resolved,normalized_title,unique live title match,"site:benizledim.com/post ""Longlegs: Yavaş Ateşlenen Bir Gerilim Hızla Tükenen Bir Hikâye"""
"https://static.wixstatic.com/media/2031bc_338de7bb72b24e908c14bd11047e8518~mv2.jpg/v1/fill/w_50,h_50,al_c,q_80,usm_0.66_1.00_0.01/2031bc_338de7bb72b24e908c14bd11047e8518~mv2.jpg",The Marvels Kaç After Credits Var?,11.11.2023,6,6,0,0,https://www.benizledim.com/post/the-marvels-after-credits,The Marvels Kaç After Credits Var?,2023-11-11T10:48:11.620Z,Alphan Karabat,https://www.benizledim.com/profile/alphankarabat/profile,resolved,exact_title,unique live title match,"site:benizledim.com/post ""The Marvels Kaç After Credits Var?"""
https://manage.wix.com/analytics-ng/assets/svg/placeholder.svg,LOTR: The War of the Rohirrim Konusu Ne?,22.08.2024,6,6,0,0,https://www.benizledim.com/post/lotr-the-war-of-the-rohirrim-konusu-ne,LOTR: The War of the Rohirrim Konusu Ne?,2024-08-22T19:36:07.021Z,Alphan Karabat,https://www.benizledim.com/profile/alphankarabat/profile,resolved,exact_title,unique live title match,"site:benizledim.com/post ""LOTR: The War of the Rohirrim Konusu Ne?"""
"https://static.wixstatic.com/media/e2372f_bb67c7930b1b43a2922e8a6b49f679b3~mv2.jpeg/v1/fill/w_50,h_50,al_c,q_80,usm_0.66_1.00_0.01/e2372f_bb67c7930b1b43a2922e8a6b49f679b3~mv2.jpeg",Babysitter,25.08.2022,6,6,0,0,https://www.benizledim.com/post/babysitter,Babysitter,2022-08-25T16:20:47.157Z,Gökçe Serim,https://www.benizledim.com/profile/serimgokce/profile,resolved,exact_title,unique live title match,"site:benizledim.com/post ""Babysitter"""
"https://static.wixstatic.com/media/6d029e_e331ba41d22c411cae975a05872ed431~mv2.jpg/v1/fill/w_50,h_50,al_c,q_80,usm_0.66_1.00_0.01/6d029e_e331ba41d22c411cae975a05872ed431~mv2.jpg",Hanedanlığa Veda: Succession,04.06.2023,6,6,0,0,https://www.benizledim.com/post/hanedanlığa-veda-succession,Hanedanlığa Veda: Succession,2023-06-04T15:01:17.804Z,İris Eryılmaz,https://www.benizledim.com/profile/iriseryilmaz/profile,resolved,exact_title,unique live title match,"site:benizledim.com/post ""Hanedanlığa Veda: Succession"""
"https://static.wixstatic.com/media/62987b_87daf8d32da44c249e3e1236f876e584~mv2.png/v1/fill/w_50,h_50,al_c,q_80,usm_0.66_1.00_0.01/62987b_87daf8d32da44c249e3e1236f876e584~mv2.png",“İnsanlar İkiye Ayrılır” Filmler de Öyle,26.08.2022,6,6,0,0,https://www.benizledim.com/post/i̇nsanlar-i̇kiye-ayrılır-filmler-de-öyle,"“İnsanlar İkiye Ayrılır”, Filmler de Öyle",2022-08-26T19:07:44.138Z,Lütfican Umut,https://www.benizledim.com/profile/lutficanumut/profile,resolved,normalized_title,unique live title match,"site:benizledim.com/post ""“İnsanlar İkiye Ayrılır” Filmler de Öyle"""
"https://static.wixstatic.com/media/307081_8be86ff64e044c23817ea20a11a7b53f~mv2.jpg/v1/fill/w_50,h_50,al_c,q_80,usm_0.66_1.00_0.01/307081_8be86ff64e044c23817ea20a11a7b53f~mv2.jpg",Kara Kedi Ak Kedi: Palmiye'den 3 Yıkılıştan 6 Yıl Sonra,13.09.2022,6,6,0,0,https://www.benizledim.com/post/kara-kedi-ak-kedi-palmiye-den-3-yıkılıştan-6-yıl-sonra,Kara Kedi Ak Kedi: Palmiye'den 3 Yıkılıştan 6 Yıl Sonra,2022-09-13T19:35:04.632Z,BIZSSN,https://www.benizledim.com/profile/bizssn/profile,resolved,exact_title,unique live title match,"site:benizledim.com/post ""Kara Kedi Ak Kedi: Palmiye'den 3 Yıkılıştan 6 Yıl Sonra"""
"https://static.wixstatic.com/media/6d029e_109da9ea4f994d1b815c5ce192f9caaa~mv2.jpeg/v1/fill/w_50,h_50,al_c,q_80,usm_0.66_1.00_0.01/6d029e_109da9ea4f994d1b815c5ce192f9caaa~mv2.jpeg",Kurak Günler: Yanıklar ve Gerçekler,10.12.2022,5,5,0,0,https://www.benizledim.com/post/kurak-günler-yanıklar-ve-gerçekler,Kurak Günler: Yanıklar ve Gerçekler,2022-12-10T15:39:53.864Z,İris Eryılmaz,https://www.benizledim.com/profile/iriseryilmaz/profile,resolved,exact_title,unique live title match,"site:benizledim.com/post ""Kurak Günler: Yanıklar ve Gerçekler"""
"https://static.wixstatic.com/media/4c3f56_82413760af8e42f18a23bf4bc9dc7930~mv2.webp/v1/fill/w_50,h_50,al_c,q_80,usm_0.66_1.00_0.01/4c3f56_82413760af8e42f18a23bf4bc9dc7930~mv2.webp",Filmekimi'nde Bu Filmleri Kaçırmayın! (Filmekimi 2023),05.10.2023,5,5,0,0,https://www.benizledim.com/post/filmekimi-nde-bu-filmleri-kaçırmayın-filmekimi-2023,Filmekimi'nde Bu Filmleri Kaçırmayın! (Filmekimi 2023),2023-10-05T20:04:37.529Z,Su Evci,https://www.benizledim.com/profile/nsuevci/profile,resolved,exact_title,unique live title match,"site:benizledim.com/post ""Filmekimi'nde Bu Filmleri Kaçırmayın! (Filmekimi 2023)"""
"https://static.wixstatic.com/media/34960a_a8169c04ba134829ad574934834a9792~mv2.jpeg/v1/fill/w_50,h_50,al_c,q_80,usm_0.66_1.00_0.01/34960a_a8169c04ba134829ad574934834a9792~mv2.jpeg",OLDBOY: 15 Yılda Bir İnsan Ne Kadar Değişebilir?,14.09.2022,5,3,0,0,https://www.benizledim.com/post/oldboy-15-yilda-bir-insan-ne-kadar-degisebilir,OLDBOY: 15 Yılda Bir İnsan Ne Kadar Değişebilir?,2022-09-13T22:06:59.915Z,Hümeyra Fidan,https://www.benizledim.com/profile/humeyrafidan8/profile,resolved,exact_title,unique live title match,"site:benizledim.com/post ""OLDBOY: 15 Yılda Bir İnsan Ne Kadar Değişebilir?"""
"https://static.wixstatic.com/media/840234_b78ed0863a59477e85e8d07cbb2bd8f3~mv2.webp/v1/fill/w_50,h_50,al_c,q_80,usm_0.66_1.00_0.01/840234_b78ed0863a59477e85e8d07cbb2bd8f3~mv2.webp",Korku Sinemasının Auteur Filmi: The Lighthouse (2019),11.08.2023,5,5,0,0,https://www.benizledim.com/post/korku-si-nemasinin-auteur-fi-lmi-the-lighthouse-2019,Korku Sinemasının Auteur Filmi: The Lighthouse (2019),2023-08-11T13:43:31.696Z,Ömer Keleş,https://www.benizledim.com/profile/omer-keless-06190385/profile,resolved,exact_title,unique live title match,"site:benizledim.com/post ""Korku Sinemasının Auteur Filmi: The Lighthouse (2019)"""
"https://static.wixstatic.com/media/6d029e_1c5182438976409493bfcbdb1abca0b6~mv2.png/v1/fill/w_50,h_50,al_c,q_80,usm_0.66_1.00_0.01/6d029e_1c5182438976409493bfcbdb1abca0b6~mv2.png",Çilingir Sofrası: Yarım Kalan Bir Hikaye,05.05.2023,5,5,0,0,https://www.benizledim.com/post/çilingir-sofrası-yarım-kalan-bir-hikaye,Çilingir Sofrası: Yarım Kalan Bir Hikaye,2023-05-05T13:02:26.849Z,İris Eryılmaz,https://www.benizledim.com/profile/iriseryilmaz/profile,resolved,exact_title,unique live title match,"site:benizledim.com/post ""Çilingir Sofrası: Yarım Kalan Bir Hikaye"""
"https://static.wixstatic.com/media/61dd5d_563eefe7d5a54f9fb785fd032e15fed7~mv2.png/v1/fill/w_50,h_50,al_c,q_80,usm_0.66_1.00_0.01/61dd5d_563eefe7d5a54f9fb785fd032e15fed7~mv2.png",Art House Filmlerin Sıkıcı mı Olması Gerekir?,16.04.2023,5,5,0,0,https://www.benizledim.com/post/arthousefilmleyrnedir,Art House Filmlerin Sıkıcı mı Olması Gerekir?,2023-04-16T14:30:12.394Z,Ben İzledim,https://www.benizledim.com/profile/benizledimblog/profile,resolved,exact_title,unique live title match,"site:benizledim.com/post ""Art House Filmlerin Sıkıcı mı Olması Gerekir?"""
"https://static.wixstatic.com/media/ea6528_447e5d86b8394acdb6287a520d079f32~mv2.jpg/v1/fill/w_50,h_50,al_c,q_80,usm_0.66_1.00_0.01/ea6528_447e5d86b8394acdb6287a520d079f32~mv2.jpg",Samsara Belgeseli Üzerine,04.08.2023,5,5,0,0,https://www.benizledim.com/post/samsara-belgeseli-üzeri-ne,Samsara Belgeseli Üzerine,2023-08-03T21:36:40.508Z,Tuğba Ç,https://www.benizledim.com/profile/tugba/profile,resolved,exact_title,unique live title match,"site:benizledim.com/post ""Samsara Belgeseli Üzerine"""
"https://static.wixstatic.com/media/2031bc_77a10ff68f0d4dcd9db6246786929a27~mv2.jpg/v1/fill/w_50,h_50,al_c,q_80,usm_0.66_1.00_0.01/2031bc_77a10ff68f0d4dcd9db6246786929a27~mv2.jpg",Spider-Man'den Fazlası Peter Parker,03.07.2023,5,5,0,0,https://www.benizledim.com/post/peter-parker-olmak,Spider-Man'den Fazlası Peter Parker,2023-07-03T07:00:18.623Z,Alphan Karabat,https://www.benizledim.com/profile/alphankarabat/profile,resolved,exact_title,unique live title match,"site:benizledim.com/post ""Spider-Man'den Fazlası Peter Parker"""
"https://static.wixstatic.com/media/61dd5d_271d4fa95b184bdeb67d8b5f3b7a9a0b~mv2.png/v1/fill/w_50,h_50,al_c,q_80,usm_0.66_1.00_0.01/61dd5d_271d4fa95b184bdeb67d8b5f3b7a9a0b~mv2.png",A Woman Escapes- Gidiş O Gidiş,14.04.2023,5,5,0,0,https://www.benizledim.com/post/a-woman-escapes-gidiş-o-gidiş,A Woman Escapes- Gidiş O Gidiş,2023-04-14T14:47:58.516Z,Gurur Sönmez,https://www.benizledim.com/profile/gurursonmez/profile,resolved,exact_title,unique live title match,"site:benizledim.com/post ""A Woman Escapes- Gidiş O Gidiş"""
"https://static.wixstatic.com/media/2031bc_8724b95ceb4b41edb30ba0763ae9f6a6~mv2.webp/v1/fill/w_50,h_50,al_c,q_80,usm_0.66_1.00_0.01/2031bc_8724b95ceb4b41edb30ba0763ae9f6a6~mv2.webp",Wakanda Forever - Yaşasın Wakanda,12.11.2022,5,5,0,0,,,,,,missing_live_match,,,"site:benizledim.com/post ""Wakanda Forever - Yaşasın Wakanda"""
"https://static.wixstatic.com/media/307081_404c5005d8d6448b999a873ad019f0e5~mv2.jpg/v1/fill/w_50,h_50,al_c,q_80,usm_0.66_1.00_0.01/307081_404c5005d8d6448b999a873ad019f0e5~mv2.jpg",Gamsız Hayat: Aftersun,12.01.2023,5,3,0,0,https://www.benizledim.com/post/gamsiz-hayat-aftersun,Gamsız Hayat: Aftersun,2023-01-12T14:24:41.272Z,BIZSSN,https://www.benizledim.com/profile/bizssn/profile,resolved,exact_title,unique live title match,"site:benizledim.com/post ""Gamsız Hayat: Aftersun"""
"https://static.wixstatic.com/media/2031bc_1a35230bcf0040adaf88fb433de0ff2f~mv2.jpg/v1/fill/w_50,h_50,al_c,q_80,usm_0.66_1.00_0.01/2031bc_1a35230bcf0040adaf88fb433de0ff2f~mv2.jpg",Andor - Asi Adam Geri Döndü!,07.12.2022,5,5,0,0,https://www.benizledim.com/post/andor,Andor - Asi Adam Geri Döndü!,2022-12-07T18:25:12.322Z,Alphan Karabat,https://www.benizledim.com/profile/alphankarabat/profile,resolved,exact_title,unique live title match,"site:benizledim.com/post ""Andor - Asi Adam Geri Döndü!"""
"https://static.wixstatic.com/media/2f11da_8b656436859e439997b137bcedd32232~mv2.webp/v1/fill/w_50,h_50,al_c,q_80,usm_0.66_1.00_0.01/2f11da_8b656436859e439997b137bcedd32232~mv2.webp",Bir Fotoğrafla 'Dönüş'en Aile.,03.08.2023,5,2,0,0,https://www.benizledim.com/post/dönüş,Bir Fotoğrafla 'Dönüş'en Aile.,2023-08-03T12:43:43.096Z,Muhammed Muğlu,https://www.benizledim.com/profile/muhammedmuglu/profile,resolved,exact_title,unique live title match,"site:benizledim.com/post ""Bir Fotoğrafla 'Dönüş'en Aile."""
"https://static.wixstatic.com/media/e2372f_91b327e9c3ad4c23859a4cce296c0211~mv2.jpg/v1/fill/w_50,h_50,al_c,q_80,usm_0.66_1.00_0.01/e2372f_91b327e9c3ad4c23859a4cce296c0211~mv2.jpg",Razzhimaya Kulaki/Yumrukları Gevşetmek,04.12.2022,5,4,0,0,https://www.benizledim.com/post/razzhimaya-kulaki-yumrukları-gevşetmek,Razzhimaya Kulaki/Yumrukları Gevşetmek,2022-12-04T11:19:51.987Z,Gökçe Serim,https://www.benizledim.com/profile/serimgokce/profile,resolved,exact_title,unique live title match,"site:benizledim.com/post ""Razzhimaya Kulaki/Yumrukları Gevşetmek"""
"https://static.wixstatic.com/media/62987b_f7fc3339e0c04796a31680982638b5f0~mv2.png/v1/fill/w_50,h_50,al_c,q_80,usm_0.66_1.00_0.01/62987b_f7fc3339e0c04796a31680982638b5f0~mv2.png",Her Şey Her Yerde Aynı Anda,14.09.2022,5,5,0,0,https://www.benizledim.com/post/her-sey-her-yerde-ayni-anda,Her Şey Her Yerde Aynı Anda,2022-09-14T12:04:40.809Z,Lütfican Umut,https://www.benizledim.com/profile/lutficanumut/profile,resolved,exact_title,unique live title match,"site:benizledim.com/post ""Her Şey Her Yerde Aynı Anda"""
"https://static.wixstatic.com/media/4c3f56_859640ae16694f8b8b9e78eca9c7a608~mv2.webp/v1/fill/w_50,h_50,al_c,q_80,usm_0.66_1.00_0.01/4c3f56_859640ae16694f8b8b9e78eca9c7a608~mv2.webp",The Crown 5. Sezonda Görmek İçin Heyecanlandığımız Şeyler,09.11.2022,4,3,0,0,https://www.benizledim.com/post/here-s-what-we-are-looking-forward-to-see-in-the-crown-season-5,The Crown 5. Sezonda Görmek İçin Heyecanlandığımız Şeyler,2022-11-09T02:25:37.152Z,Su Evci,https://www.benizledim.com/profile/nsuevci/profile,resolved,exact_title,unique live title match,"site:benizledim.com/post ""The Crown 5. Sezonda Görmek İçin Heyecanlandığımız Şeyler"""
https://manage.wix.com/analytics-ng/assets/svg/placeholder.svg,Marvel'ın Faz 4 ve Ötesi: Deadpool ve Wolverine ile Yeni Bir Başlangıç,11.08.2024,4,3,0,0,https://www.benizledim.com/post/marvel-ın-faz-4-ve-ötesi-deadpool-ve-wolverine-ile-yeni-bir-başlangıç,Marvel'ın Faz 4 ve Ötesi: Deadpool ve Wolverine ile Yeni Bir Başlangıç,2024-08-11T09:51:20.132Z,İris Eryılmaz,https://www.benizledim.com/profile/iriseryilmaz/profile,resolved,exact_title,unique live title match,"site:benizledim.com/post ""Marvel'ın Faz 4 ve Ötesi: Deadpool ve Wolverine ile Yeni Bir Başlangıç"""
"https://static.wixstatic.com/media/e2372f_404af8dd5b0441c4b87440e27a96e1ea~mv2.jpeg/v1/fill/w_50,h_50,al_c,q_80,usm_0.66_1.00_0.01/e2372f_404af8dd5b0441c4b87440e27a96e1ea~mv2.jpeg",Hytti Nro 6/6 Numaralı Kompartıman,08.10.2022,4,4,0,0,https://www.benizledim.com/post/hytti-nro-6-6-numarali-kompartiman,Hytti Nro 6/6 Numaralı Kompartıman,2022-10-08T13:29:27.357Z,Gökçe Serim,https://www.benizledim.com/profile/serimgokce/profile,resolved,exact_title,unique live title match,"site:benizledim.com/post ""Hytti Nro 6/6 Numaralı Kompartıman"""
"https://static.wixstatic.com/media/2031bc_1ec4983f0c2d415f81153f26c39731cb~mv2.webp/v1/fill/w_50,h_50,al_c,q_80,usm_0.66_1.00_0.01/2031bc_1ec4983f0c2d415f81153f26c39731cb~mv2.webp",Barbie Projesi,26.07.2023,4,2,0,0,https://www.benizledim.com/post/barbie-projesi,Barbie Projesi,2023-07-26T11:36:15.841Z,Alphan Karabat,https://www.benizledim.com/profile/alphankarabat/profile,resolved,exact_title,unique live title match,"site:benizledim.com/post ""Barbie Projesi"""
"https://static.wixstatic.com/media/61dd5d_6d72f5089b6b4ddfac30b7619c8960ec~mv2.png/v1/fill/w_50,h_50,al_c,q_80,usm_0.66_1.00_0.01/61dd5d_6d72f5089b6b4ddfac30b7619c8960ec~mv2.png",Depremin Diğer Yüzü - YouTube Belgeselleri,06.03.2023,4,4,0,0,https://www.benizledim.com/post/depremin-diğer-yüzü-youtube-belgeselleri,Depremin Diğer Yüzü - YouTube Belgeselleri,2023-03-06T09:16:38.977Z,Gurur Sönmez,https://www.benizledim.com/profile/gurursonmez/profile,resolved,exact_title,unique live title match,"site:benizledim.com/post ""Depremin Diğer Yüzü - YouTube Belgeselleri"""
"https://static.wixstatic.com/media/61dd5d_f57322b340494ae6a5aab644dfdf76be~mv2.avif/v1/fill/w_50,h_50,al_c,q_80,usm_0.66_1.00_0.01/61dd5d_f57322b340494ae6a5aab644dfdf76be~mv2.avif",Mark Hamill’den Luke Skywalker Yorumu: Star Wars’un Unutulan Mesajı,19.02.2025,4,2,0,1,https://www.benizledim.com/post/mark-hamill-den-luke-skywalker-yorumu-star-wars-un-unutulan-mesajı,Mark Hamill’den Luke Skywalker Yorumu: Star Wars’un Unutulan Mesajı,2025-02-19T08:08:33.262Z,Nedir,https://www.benizledim.com/profile/61a5a6b1-f155-4490-9f1b-26bf2b325514/profile,resolved,exact_title,unique live title match,"site:benizledim.com/post ""Mark Hamill’den Luke Skywalker Yorumu: Star Wars’un Unutulan Mesajı"""
"https://static.wixstatic.com/media/2031bc_ebd6fba766da420889a4c5a0b68b7727~mv2.jpg/v1/fill/w_50,h_50,al_c,q_80,usm_0.66_1.00_0.01/2031bc_ebd6fba766da420889a4c5a0b68b7727~mv2.jpg",Deadpool 3 Ne Zaman Çıkacak?,31.10.2023,3,3,0,0,https://www.benizledim.com/post/deadpool-3-ne-zaman-çıkacak,Deadpool 3 Ne Zaman Çıkacak?,2023-10-31T19:26:43.098Z,Alphan Karabat,https://www.benizledim.com/profile/alphankarabat/profile,resolved,exact_title,unique live title match,"site:benizledim.com/post ""Deadpool 3 Ne Zaman Çıkacak?"""
"https://static.wixstatic.com/media/61dd5d_3f7431c9d7fe4af59ce8ee7e73d26e45~mv2.jpg/v1/fill/w_50,h_50,al_c,q_80,usm_0.66_1.00_0.01/61dd5d_3f7431c9d7fe4af59ce8ee7e73d26e45~mv2.jpg",Fantastik filmlerin taçsız kralı: Yılmaz Atadeniz ile mülakat (2016),13.01.2024,3,2,0,0,https://www.benizledim.com/post/fantastik-filmlerin-taçsız-kralı-yılmaz-atadeniz-ile-mülakat-2016,Fantastik filmlerin taçsız kralı: Yılmaz Atadeniz ile mülakat (2016),2024-01-13T11:59:52.321Z,Gurur Sönmez,https://www.benizledim.com/profile/gurursonmez/profile,resolved,exact_title,unique live title match,"site:benizledim.com/post ""Fantastik filmlerin taçsız kralı: Yılmaz Atadeniz ile mülakat (2016)"""
"https://static.wixstatic.com/media/2031bc_9de85c3d9f6f461ca48b22538c0d01f9~mv2.jpg/v1/fill/w_50,h_50,al_c,q_80,usm_0.66_1.00_0.01/2031bc_9de85c3d9f6f461ca48b22538c0d01f9~mv2.jpg",Enola Holmes 2 - Moriarty Dönüyor!,13.11.2022,3,3,0,0,https://www.benizledim.com/post/enola-holmes-2,Enola Holmes 2 - Moriarty Dönüyor!,2022-11-13T06:30:05.712Z,Alphan Karabat,https://www.benizledim.com/profile/alphankarabat/profile,resolved,exact_title,unique live title match,"site:benizledim.com/post ""Enola Holmes 2 - Moriarty Dönüyor!"""
"https://static.wixstatic.com/media/6d029e_e64f33bf62684a4a857e4d5798681a10~mv2.webp/v1/fill/w_50,h_50,al_c,q_80,usm_0.66_1.00_0.01/6d029e_e64f33bf62684a4a857e4d5798681a10~mv2.webp",The Menu Son Ziyafet,20.10.2022,3,2,0,0,https://www.benizledim.com/post/the-menu-son-ziyafet,"The Menu, Son Ziyafet",2022-10-20T13:46:43.978Z,İris Eryılmaz,https://www.benizledim.com/profile/iriseryilmaz/profile,resolved,normalized_title,unique live title match,"site:benizledim.com/post ""The Menu Son Ziyafet"""
"https://static.wixstatic.com/media/ea6528_0ffc5ca9e73a4512aeb97b60be6ad53d~mv2.webp/v1/fill/w_50,h_50,al_c,q_80,usm_0.66_1.00_0.01/ea6528_0ffc5ca9e73a4512aeb97b60be6ad53d~mv2.webp",Sorun Yaratan Adam,18.11.2023,3,2,0,0,https://www.benizledim.com/post/sorun-yaratan-adam,Sorun Yaratan Adam,2023-11-18T17:42:52.724Z,Tuğba Ç,https://www.benizledim.com/profile/tugba/profile,resolved,exact_title,unique live title match,"site:benizledim.com/post ""Sorun Yaratan Adam"""
"https://static.wixstatic.com/media/307081_b25489bb01c14ce5a5d1be4ba0efac8b~mv2.jpg/v1/fill/w_50,h_50,al_c,q_80,usm_0.66_1.00_0.01/307081_b25489bb01c14ce5a5d1be4ba0efac8b~mv2.jpg",Balkanlardan Gelen Güney Rüzgarı: Južni Vetar & Južni Vetar: Ubrzanje,08.10.2022,2,2,0,0,,,,,,missing_live_match,,,"site:benizledim.com/post ""Balkanlardan Gelen Güney Rüzgarı: Južni Vetar & Južni Vetar: Ubrzanje"""
"https://static.wixstatic.com/media/4c3f56_714e4339e55c47bb96917905eaa30804~mv2.jpg/v1/fill/w_50,h_50,al_c,q_80,usm_0.66_1.00_0.01/4c3f56_714e4339e55c47bb96917905eaa30804~mv2.jpg",Barbie Filmi'nin Tanıtımlarında Kaçırmış Olabileceğiniz Bazı Detayları Derledik!,08.04.2023,2,2,0,0,https://www.benizledim.com/post/barbie-filmi-nin-tanıtımlarında-kaçırmış-olabileceğiniz-bazı-detayları-derledik,Barbie Filmi'nin Tanıtımlarında Kaçırmış Olabileceğiniz Bazı Detayları Derledik!,2023-04-08T00:01:12.738Z,Su Evci,https://www.benizledim.com/profile/nsuevci/profile,resolved,exact_title,unique live title match,"site:benizledim.com/post ""Barbie Filmi'nin Tanıtımlarında Kaçırmış Olabileceğiniz Bazı Detayları Derledik!"""
"https://static.wixstatic.com/media/34960a_4b698c5479db4e9d849836aed0507531~mv2.jpeg/v1/fill/w_50,h_50,al_c,q_80,usm_0.66_1.00_0.01/34960a_4b698c5479db4e9d849836aed0507531~mv2.jpeg",Benliğin Yolculuğu: IDA,04.09.2022,2,1,0,1,https://www.benizledim.com/post/benliğin-yolculuğu-ida,Benliğin Yolculuğu: IDA,2022-09-04T01:04:42.510Z,Hümeyra Fidan,https://www.benizledim.com/profile/humeyrafidan8/profile,resolved,exact_title,unique live title match,"site:benizledim.com/post ""Benliğin Yolculuğu: IDA"""
"https://static.wixstatic.com/media/6d029e_c7279fbe62684ff7962dd2e7e0dcd942~mv2.jpg/v1/fill/w_50,h_50,al_c,q_80,usm_0.66_1.00_0.01/6d029e_c7279fbe62684ff7962dd2e7e0dcd942~mv2.jpg",Gerçekten Helalleşiyor Muyuz?,19.03.2023,2,2,0,0,https://www.benizledim.com/post/gerçekten-helalleşiyor-muyuz,Gerçekten Helalleşiyor Muyuz?,2023-03-19T12:12:45.166Z,İris Eryılmaz,https://www.benizledim.com/profile/iriseryilmaz/profile,resolved,exact_title,unique live title match,"site:benizledim.com/post ""Gerçekten Helalleşiyor Muyuz?"""
"https://static.wixstatic.com/media/61dd5d_c72bc1995d734244b8b2825c103fd314~mv2.png/v1/fill/w_50,h_50,al_c,q_80,usm_0.66_1.00_0.01/61dd5d_c72bc1995d734244b8b2825c103fd314~mv2.png",Joker: Folie à Deux Gişede Çakıldı! DC Evreninde Yeni Bir Başarısızlık mı?,16.12.2024,2,2,0,0,https://www.benizledim.com/post/joker-folie-à-deux-gişede-çakıldı-dc-evreninde-yeni-bir-başarısızlık-mı,Joker: Folie à Deux Gişede Çakıldı! DC Evreninde Yeni Bir Başarısızlık mı?,2024-12-16T10:34:00.555Z,Nedir,https://www.benizledim.com/profile/61a5a6b1-f155-4490-9f1b-26bf2b325514/profile,resolved,exact_title,unique live title match,"site:benizledim.com/post ""Joker: Folie à Deux Gişede Çakıldı! DC Evreninde Yeni Bir Başarısızlık mı?"""
"https://static.wixstatic.com/media/e0d01e_08c42c89b49e4e848a9c7f4572d17cc1~mv2.jpg/v1/fill/w_50,h_50,al_c,q_80,usm_0.66_1.00_0.01/e0d01e_08c42c89b49e4e848a9c7f4572d17cc1~mv2.jpg",Nolan’ın Yeni Deliliği Oppenheimer,21.07.2023,2,2,0,0,https://www.benizledim.com/post/nolan-ın-yeni-deliliği-oppenheimer,Nolan’ın Yeni Deliliği Oppenheimer,2023-07-21T05:46:48.268Z,İris Eryılmaz,https://www.benizledim.com/profile/iriseryilmaz/profile,resolved,exact_title,unique live title match,"site:benizledim.com/post ""Nolan’ın Yeni Deliliği Oppenheimer"""
"https://static.wixstatic.com/media/307081_cc0c041e63e84343a5be52c850581102~mv2.jpg/v1/fill/w_50,h_50,al_c,q_80,usm_0.66_1.00_0.01/307081_cc0c041e63e84343a5be52c850581102~mv2.jpg",AIR: ''Aveneu 23'',05.06.2023,2,2,0,0,https://www.benizledim.com/post/air-aveneu-23,AIR: ''Aveneu 23'',2023-06-05T00:22:30.057Z,BIZSSN,https://www.benizledim.com/profile/bizssn/profile,resolved,exact_title,unique live title match,"site:benizledim.com/post ""AIR: ''Aveneu 23''"""
"https://static.wixstatic.com/media/6d029e_ae86520254d0460881b31c499dd792a8~mv2.jpg/v1/fill/w_50,h_50,al_c,q_80,usm_0.66_1.00_0.01/6d029e_ae86520254d0460881b31c499dd792a8~mv2.jpg",Aile Dağılıyor / Succession,28.03.2023,2,2,0,0,https://www.benizledim.com/post/aile-dağılıyor-succession,Aile Dağılıyor / Succession,2023-03-28T10:38:51.978Z,İris Eryılmaz,https://www.benizledim.com/profile/iriseryilmaz/profile,resolved,exact_title,unique live title match,"site:benizledim.com/post ""Aile Dağılıyor / Succession"""
"https://static.wixstatic.com/media/e2372f_8fcaabeef3a44b78b7c09773ada85b4a~mv2.jpeg/v1/fill/w_50,h_50,al_c,q_80,usm_0.66_1.00_0.01/e2372f_8fcaabeef3a44b78b7c09773ada85b4a~mv2.jpeg",Benedetta,28.08.2022,2,2,0,0,https://www.benizledim.com/post/benedetta,Benedetta,2022-08-27T21:10:57.235Z,Gökçe Serim,https://www.benizledim.com/profile/serimgokce/profile,resolved,exact_title,unique live title match,"site:benizledim.com/post ""Benedetta"""
"https://static.wixstatic.com/media/2031bc_0e4e7e29baa2446e9ce92fc341f67a0c~mv2.jpg/v1/fill/w_50,h_50,al_c,q_80,usm_0.66_1.00_0.01/2031bc_0e4e7e29baa2446e9ce92fc341f67a0c~mv2.jpg",Jedi Konseyi Seçimleri Başladı!,02.05.2023,2,2,0,0,https://www.benizledim.com/post/_sw23,Jedi Konseyi Seçimleri Başladı!,2023-05-02T07:29:57.044Z,Alphan Karabat,https://www.benizledim.com/profile/alphankarabat/profile,resolved,exact_title,unique live title match,"site:benizledim.com/post ""Jedi Konseyi Seçimleri Başladı!"""
"https://static.wixstatic.com/media/61dd5d_c42ad8cb07f34f4f83fb7d20bbf96c1c~mv2.jpg/v1/fill/w_50,h_50,al_c,q_80,usm_0.66_1.00_0.01/61dd5d_c42ad8cb07f34f4f83fb7d20bbf96c1c~mv2.jpg",42. İstanbul Film Festivali (7-18 Nisan) Başlıyor.,31.03.2023,2,2,0,0,https://www.benizledim.com/post/42-i-stanbul-film-festivali-7-18-nisan-başlıyor,42. İstanbul Film Festivali (7-18 Nisan) Başlıyor.,2023-03-31T05:54:15.741Z,Gurur Sönmez,https://www.benizledim.com/profile/gurursonmez/profile,resolved,exact_title,unique live title match,"site:benizledim.com/post ""42. İstanbul Film Festivali (7-18 Nisan) Başlıyor."""
https://manage.wix.com/analytics-ng/assets/svg/placeholder.svg,Tek Kişilik Rock Monologu: tick tick…BOOM,18.09.2022,1,1,0,0,https://www.benizledim.com/post/tek-kişilik-rock-monologu-tick-tick-boom,"Tek Kişilik Rock Monologu: tick, tick…BOOM",2022-09-18T13:35:00.935Z,BIZSSN,https://www.benizledim.com/profile/bizssn/profile,resolved,normalized_title,unique live title match,"site:benizledim.com/post ""Tek Kişilik Rock Monologu: tick tick…BOOM"""
"https://static.wixstatic.com/media/307081_cca94f8d13874a3c89d812d7afd09f01~mv2.jpg/v1/fill/w_50,h_50,al_c,q_80,usm_0.66_1.00_0.01/307081_cca94f8d13874a3c89d812d7afd09f01~mv2.jpg",Sound Of Metal: Sessizliğin Nüansları,26.08.2022,1,1,0,0,https://www.benizledim.com/post/sound-of-metal-sessizliğin-nüansları,Sound Of Metal: Sessizliğin Nüansları,2022-08-26T20:18:40.426Z,BIZSSN,https://www.benizledim.com/profile/bizssn/profile,resolved,exact_title,unique live title match,"site:benizledim.com/post ""Sound Of Metal: Sessizliğin Nüansları"""
"https://static.wixstatic.com/media/b9f634_917dc53f16f84ea0bee316f66176237f~mv2.png/v1/fill/w_50,h_50,al_c,q_80,usm_0.66_1.00_0.01/b9f634_917dc53f16f84ea0bee316f66176237f~mv2.png",Saint-Omer: Yorgun anneler ve kızları,02.07.2024,1,1,0,0,https://www.benizledim.com/post/saint-omer-yorgun-anneler-ve-kızları,Saint-Omer: Yorgun anneler ve kızları,2024-07-02T17:44:03.701Z,İrem Topal,https://www.benizledim.com/profile/iremtopal24/profile,resolved,exact_title,unique live title match,"site:benizledim.com/post ""Saint-Omer: Yorgun anneler ve kızları"""
"https://static.wixstatic.com/media/62987b_1829cbf7268f4746a6ab0c2675593076~mv2.jpg/v1/fill/w_50,h_50,al_c,q_80,usm_0.66_1.00_0.01/62987b_1829cbf7268f4746a6ab0c2675593076~mv2.jpg",Oyuna Devam! Jumanji: The Next Level,29.10.2022,1,1,0,0,https://www.benizledim.com/post/oyuna-devam-jumanji-the-next-level,Oyuna Devam! Jumanji: The Next Level,2022-10-28T21:25:23.771Z,Lütfican Umut,https://www.benizledim.com/profile/lutficanumut/profile,resolved,exact_title,unique live title match,"site:benizledim.com/post ""Oyuna Devam! Jumanji: The Next Level"""
"https://static.wixstatic.com/media/2031bc_28d704d27f584a5280d6948c40a47d47~mv2.jpg/v1/fill/w_50,h_50,al_c,q_80,usm_0.66_1.00_0.01/2031bc_28d704d27f584a5280d6948c40a47d47~mv2.jpg",Star Wars: Tales of The Empire| İyiliği yok edecek güç henüz doğmadı.,04.05.2024,1,1,0,0,https://www.benizledim.com/post/tales-of-the-empire-i-yiliği-yok-edecek-güç-henüz-doğmadı,Star Wars: Tales of The Empire | İyiliği yok edecek güç henüz doğmadı.,2024-05-04T14:17:53.550Z,Alphan Karabat,https://www.benizledim.com/profile/alphankarabat/profile,resolved,normalized_title,unique live title match,"site:benizledim.com/post ""Star Wars: Tales of The Empire| İyiliği yok edecek güç henüz doğmadı."""
"https://static.wixstatic.com/media/2031bc_60eafaf2aa114c13bbb127de945a0c66~mv2.png/v1/fill/w_50,h_50,al_c,q_80,usm_0.66_1.00_0.01/2031bc_60eafaf2aa114c13bbb127de945a0c66~mv2.png",43. İstanbul Film Festivali Başladı! - Açılışta Neler Oldu?,19.04.2024,1,1,0,0,https://www.benizledim.com/post/43-i-stanbul-film-festivali-başladı-açılışta-neler-oldu,43. İstanbul Film Festivali Başladı! - Açılışta Neler Oldu?,2024-04-19T11:33:04.284Z,Muhammed Muğlu,https://www.benizledim.com/profile/muhammedmuglu/profile,resolved,exact_title,unique live title match,"site:benizledim.com/post ""43. İstanbul Film Festivali Başladı! - Açılışta Neler Oldu?"""
"https://static.wixstatic.com/media/34960a_02a3d88b06d24d38b08222db535cc110~mv2.jpeg/v1/fill/w_50,h_50,al_c,q_80,usm_0.66_1.00_0.01/34960a_02a3d88b06d24d38b08222db535cc110~mv2.jpeg",42. İstanbul Film Festivali Ödülleri Sahiplerini Buldu,19.04.2023,1,1,0,0,https://www.benizledim.com/post/42-i-stanbul-film-festivali-ödülleri-sahiplerini-buldu,42. İstanbul Film Festivali Ödülleri Sahiplerini Buldu,2023-04-19T18:15:06.324Z,Hümeyra Fidan,https://www.benizledim.com/profile/humeyrafidan8/profile,resolved,exact_title,unique live title match,"site:benizledim.com/post ""42. İstanbul Film Festivali Ödülleri Sahiplerini Buldu"""
"https://static.wixstatic.com/media/e2372f_7e7768df13a846d981ee4928c8740cda~mv2.jpeg/v1/fill/w_50,h_50,al_c,q_80,usm_0.66_1.00_0.01/e2372f_7e7768df13a846d981ee4928c8740cda~mv2.jpeg",Druk/Körkütük,01.10.2022,1,1,0,0,https://www.benizledim.com/post/druk-körkütük,Druk/Körkütük,2022-10-01T17:54:51.919Z,Gökçe Serim,https://www.benizledim.com/profile/serimgokce/profile,resolved,exact_title,unique live title match,"site:benizledim.com/post ""Druk/Körkütük"""
"https://static.wixstatic.com/media/307081_e83b814b1a374bb0bf15880c90e75b7e~mv2.jpg/v1/fill/w_50,h_50,al_c,q_80,usm_0.66_1.00_0.01/307081_e83b814b1a374bb0bf15880c90e75b7e~mv2.jpg",And Then We Danced: Gürcüleri Kızdıran Film,03.09.2022,1,1,0,0,https://www.benizledim.com/post/and-then-we-danced-gürcüleri-kızdıran-film,And Then We Danced: Gürcüleri Kızdıran Film,2022-09-03T12:04:06.384Z,BIZSSN,https://www.benizledim.com/profile/bizssn/profile,resolved,exact_title,unique live title match,"site:benizledim.com/post ""And Then We Danced: Gürcüleri Kızdıran Film"""
"https://static.wixstatic.com/media/2031bc_b58b4784423f4554bbec273d72c300ad~mv2.jpg/v1/fill/w_50,h_50,al_c,q_80,usm_0.66_1.00_0.01/2031bc_b58b4784423f4554bbec273d72c300ad~mv2.jpg",Mandalorian & Grogu Filmi Geliyor!,09.01.2024,1,1,0,0,,,,,,missing_live_match,,,"site:benizledim.com/post ""Mandalorian & Grogu Filmi Geliyor!"""
"https://static.wixstatic.com/media/61dd5d_591e5c82d5534f68b685ca0730a608d8~mv2.jpg/v1/fill/w_50,h_50,al_c,q_80,usm_0.66_1.00_0.01/61dd5d_591e5c82d5534f68b685ca0730a608d8~mv2.jpg",Neden Film İzlemiyorsun?,21.08.2022,1,1,0,0,https://www.benizledim.com/post/neden-film-i-zlemiyorsun,Neden Film İzlemiyorsun?,2022-08-21T07:58:46.607Z,Gurur Sönmez,https://www.benizledim.com/profile/gurursonmez/profile,resolved,exact_title,unique live title match,"site:benizledim.com/post ""Neden Film İzlemiyorsun?"""
"https://static.wixstatic.com/media/e2372f_12f1161a6523490eb7e633ac0e5c3a50~mv2.jpeg/v1/fill/w_50,h_50,al_c,q_80,usm_0.66_1.00_0.01/e2372f_12f1161a6523490eb7e633ac0e5c3a50~mv2.jpeg",Das Mädchen und die Spinne/Örümcek ve Kız,12.12.2022,1,1,0,0,https://www.benizledim.com/post/das-mädchen-und-die-spinne-örümcek-ve-kız,Das Mädchen und die Spinne/Örümcek ve Kız,2022-12-12T16:08:49.844Z,Gökçe Serim,https://www.benizledim.com/profile/serimgokce/profile,resolved,exact_title,unique live title match,"site:benizledim.com/post ""Das Mädchen und die Spinne/Örümcek ve Kız"""
